sorszam,vezeteknev,utonev,teljesNev,role,city,district,postalCode,country,email,phone
"1","Kovacs","Anna","Kovacs Anna","pharmacist","Kaposvar","","7400","HU","",""
"2","Szabo","David","Szabo David","pharmacist","Hodmezovasarhely","","6800","HU","",""
"3","Toth","Kata","Toth Kata","pharmacist","Debrecen","","4024","HU","",""
"4","Nagy","Miklos","Nagy Miklos","pharmacist","Esztergom","","2500","HU","",""
"5","Varga","Melinda","Varga Melinda","pharmacist","Gyor","","9021","HU","",""
"6","Kiss","Akos","Kiss Akos","pharmacist","Zalaegerszeg","","8900","HU","",""
"7","Molnar","Gergo","Molnar Gergo","pharmacist","Hajduszoboszlo","","4200","HU","",""
"8","Farkas","Milan","Farkas Milan","pharmacist","Szeged","","6720","HU","",""
"9","Balogh","Eszter","Balogh Eszter","pharmacist","Gyongyos","","3200","HU","",""
"10","Papp","Adam","Papp Adam","pharmacist","Sopron","","9400","HU","",""
"11","Lakatos","Szilvia","Lakatos Szilvia","pharmacist","Gyor","","9021","HU","",""
"12","Takacs","Aron","Takacs Aron","pharmacist","Hodmezovasarhely","","6800","HU","",""
"13","Juhasz","Adrienn","Juhasz Adrienn","pharmacist","Kaposvar","","7400","HU","",""
"14","Meszaros","Boglarka","Meszaros Boglarka","pharmacist","Eger","","3300","HU","",""
"15","Horvath","Hanna","Horvath Hanna","pharmacist","Veszprem","","8200","HU","",""
"16","Biro","Mate","Biro Mate","pharmacist","Heviz","","8380","HU","",""
"17","Sipos","Zsofia","Sipos Zsofia","pharmacist","Balatonfured","","8230","HU","",""
"18","Nemes","Tamas","Nemes Tamas","pharmacist","Kazincbarcika","","3700","HU","",""
"19","Kadar","Marta","Kadar Marta","pharmacist","Szombathely","","9700","HU","",""
"20","Simon","Roland","Simon Roland","pharmacist","Veszprem","","8200","HU","",""
"21","Vincze","Vivien","Vincze Vivien","pharmacist","Veszprem","","8200","HU","",""
"22","Bodnar","Zalan","Bodnar Zalan","pharmacist","Nyiregyhaza","","4400","HU","",""
"23","Kelemen","Noemi","Kelemen Noemi","pharmacist","Heviz","","8380","HU","",""
"24","Hegedus","Gabor","Hegedus Gabor","pharmacist","Debrecen","","4024","HU","",""
"25","Cserna","Viktoria","Cserna Viktoria","pharmacist","Szeged","","6720","HU","",""
"26","Barta","Kristof","Barta Kristof","pharmacist","Papa","","8500","HU","",""
"27","Szalai","Kinga","Szalai Kinga","pharmacist","Szekesfehervar","","8000","HU","",""
"28","Kecskes","Patrik","Kecskes Patrik","pharmacist","Debrecen","","4024","HU","",""
"29","Gulyas","Laszlo","Gulyas Laszlo","pharmacist","Salgotarjan","","3100","HU","",""
"30","Antal","Levente","Antal Levente","pharmacist","Godollo","","2100","HU","",""
"31","Orban","Reka","Orban Reka","pharmacist","Ozd","","3600","HU","",""
"32","Illes","Andras","Illes Andras","pharmacist","Keszthely","","8360","HU","",""
"33","Bencze","Renata","Bencze Renata","pharmacist","Dunakeszi","","2120","HU","",""
"34","Feher","Csaba","Feher Csaba","pharmacist","Veszprem","","8200","HU","",""
"35","Boros","Agnes","Boros Agnes","pharmacist","Miskolc","","3525","HU","",""
"36","Kis","Bianka","Kis Bianka","pharmacist","Komarom","","2900","HU","",""
"37","Kocsis","Dora","Kocsis Dora","pharmacist","Balatonfured","","8230","HU","",""
"38","Fodor","Balazs","Fodor Balazs","pharmacist","Kiskunhalas","","6400","HU","",""
"39","Hajdu","Judit","Hajdu Judit","pharmacist","Mako","","6900","HU","",""
"40","Barna","Istvan","Barna Istvan","pharmacist","Komarom","","2900","HU","",""
"41","Fazekas","Ildiko","Fazekas Ildiko","pharmacist","Balassagyarmat","","2660","HU","",""
"42","Madarasz","Marcell","Madarasz Marcell","pharmacist","Szombathely","","9700","HU","",""
"43","Racz","Attila","Racz Attila","pharmacist","Bekescsaba","","5600","HU","",""
"44","Dobi","Bence","Dobi Bence","pharmacist","Keszthely","","8360","HU","",""
"45","Tamasi","Petra","Tamasi Petra","pharmacist","Zalaegerszeg","","8900","HU","",""
"46","Veres","Gergely","Veres Gergely","pharmacist","Hodmezovasarhely","","6800","HU","",""
"47","Kolozsi","Nora","Kolozsi Nora","pharmacist","Kecskemet","","6000","HU","",""
"48","Pall","Daniel","Pall Daniel","pharmacist","Dunaujvaros","","2400","HU","",""
"49","Sarkozi","Orsolya","Sarkozi Orsolya","pharmacist","Keszthely","","8360","HU","",""
"50","Dudás","Emese","Dudás Emese","pharmacist","Dunaujvaros","","2400","HU","",""
"51","Kovacs","Anna","Kovacs Anna","assistant","Budapest","I. kerulet","1011","HU","",""
"52","Szabo","David","Szabo David","assistant","Budapest","II. kerulet","1024","HU","",""
"53","Toth","Kata","Toth Kata","assistant","Budapest","III. kerulet","1033","HU","",""
"54","Nagy","Miklos","Nagy Miklos","assistant","Budapest","IV. kerulet","1042","HU","",""
"55","Varga","Melinda","Varga Melinda","assistant","Budapest","V. kerulet","1052","HU","",""
"56","Kiss","Akos","Kiss Akos","assistant","Budapest","VI. kerulet","1062","HU","",""
"57","Molnar","Gergo","Molnar Gergo","assistant","Budapest","VII. kerulet","1073","HU","",""
"58","Farkas","Milan","Farkas Milan","assistant","Budapest","VIII. kerulet","1085","HU","",""
"59","Balogh","Eszter","Balogh Eszter","assistant","Budapest","IX. kerulet","1094","HU","",""
"60","Papp","Adam","Papp Adam","assistant","Budapest","X. kerulet","1102","HU","",""
"61","Lakatos","Szilvia","Lakatos Szilvia","assistant","Budapest","XI. kerulet","1117","HU","",""
"62","Takacs","Aron","Takacs Aron","assistant","Budapest","XII. kerulet","1123","HU","",""
"63","Juhasz","Adrienn","Juhasz Adrienn","assistant","Budapest","XIII. kerulet","1138","HU","",""
"64","Meszaros","Boglarka","Meszaros Boglarka","assistant","Budapest","XIV. kerulet","1146","HU","",""
"65","Horvath","Hanna","Horvath Hanna","assistant","Budapest","XV. kerulet","1153","HU","",""
"66","Biro","Mate","Biro Mate","assistant","Budapest","XVI. kerulet","1163","HU","",""
"67","Sipos","Zsofia","Sipos Zsofia","assistant","Budapest","XVII. kerulet","1173","HU","",""
"68","Nemes","Tamas","Nemes Tamas","assistant","Budapest","XVIII. kerulet","1184","HU","",""
"69","Kadar","Marta","Kadar Marta","assistant","Budapest","XIX. kerulet","1191","HU","",""
"70","Simon","Roland","Simon Roland","assistant","Budapest","XX. kerulet","1203","HU","",""
"71","Vincze","Vivien","Vincze Vivien","assistant","Budapest","XXI. kerulet","1211","HU","",""
"72","Bodnar","Zalan","Bodnar Zalan","assistant","Budapest","XXII. kerulet","1222","HU","",""
"73","Kelemen","Noemi","Kelemen Noemi","assistant","Budapest","XXIII. kerulet","1238","HU","",""
"74","Hegedus","Gabor","Hegedus Gabor","assistant","Budapest","I. kerulet","1011","HU","",""
"75","Cserna","Viktoria","Cserna Viktoria","assistant","Budapest","II. kerulet","1024","HU","",""
"76","Barta","Kristof","Barta Kristof","assistant","Budapest","III. kerulet","1033","HU","",""
"77","Szalai","Kinga","Szalai Kinga","assistant","Budapest","IV. kerulet","1042","HU","",""
"78","Kecskes","Patrik","Kecskes Patrik","assistant","Budapest","V. kerulet","1052","HU","",""
"79","Gulyas","Laszlo","Gulyas Laszlo","assistant","Budapest","VI. kerulet","1062","HU","",""
"80","Antal","Levente","Antal Levente","assistant","Budapest","VII. kerulet","1073","HU","",""
"81","Orban","Reka","Orban Reka","assistant","Budapest","VIII. kerulet","1085","HU","",""
"82","Illes","Andras","Illes Andras","assistant","Budapest","IX. kerulet","1094","HU","",""
"83","Bencze","Renata","Bencze Renata","assistant","Budapest","X. kerulet","1102","HU","",""
"84","Feher","Csaba","Feher Csaba","assistant","Budapest","XI. kerulet","1117","HU","",""
"85","Boros","Agnes","Boros Agnes","assistant","Budapest","XII. kerulet","1123","HU","",""
"86","Kis","Bianka","Kis Bianka","assistant","Budapest","XIII. kerulet","1138","HU","",""
"87","Kocsis","Dora","Kocsis Dora","assistant","Budapest","XIV. kerulet","1146","HU","",""
"88","Fodor","Balazs","Fodor Balazs","assistant","Budapest","XV. kerulet","1153","HU","",""
"89","Hajdu","Judit","Hajdu Judit","assistant","Budapest","XVI. kerulet","1163","HU","",""
"90","Barna","Istvan","Barna Istvan","assistant","Budapest","XVII. kerulet","1173","HU","",""
"91","Fazekas","Ildiko","Fazekas Ildiko","assistant","Budapest","XVIII. kerulet","1184","HU","",""
"92","Madarasz","Marcell","Madarasz Marcell","assistant","Budapest","XIX. kerulet","1191","HU","",""
"93","Racz","Attila","Racz Attila","assistant","Budapest","XX. kerulet","1203","HU","",""
"94","Dobi","Bence","Dobi Bence","assistant","Budapest","XXI. kerulet","1211","HU","",""
"95","Tamasi","Petra","Tamasi Petra","assistant","Budapest","XXII. kerulet","1222","HU","",""
"96","Veres","Gergely","Veres Gergely","assistant","Budapest","XXIII. kerulet","1238","HU","",""
"97","Kolozsi","Nora","Kolozsi Nora","assistant","Budapest","I. kerulet","1011","HU","",""
"98","Pall","Daniel","Pall Daniel","assistant","Budapest","II. kerulet","1024","HU","",""
"99","Sarkozi","Orsolya","Sarkozi Orsolya","assistant","Budapest","III. kerulet","1033","HU","",""
"100","Dudás","Emese","Dudás Emese","assistant","Budapest","IV. kerulet","1042","HU","",""