"meta_id","post_id","meta_key","meta_value"
"2","3","_wp_page_template","default"
"99","38","_wp_desired_post_slug",
"107","43","_edit_lock","1761337552:76"
"111","43","_edit_last","1"
"112","43","footnotes",
"196","82","_edit_lock","1761337537:76"
"197","84","_menu_item_type","post_type"
"198","84","_menu_item_menu_item_parent","0"
"199","84","_menu_item_object_id","82"
"200","84","_menu_item_object","page"
"201","84","_menu_item_target",
"202","84","_menu_item_classes","a:1:{i:0;s:0:"""";}"
"203","84","_menu_item_xfn",
"204","84","_menu_item_url",
"205","84","_menu_item_orphaned","1759824904"
"207","86","_menu_item_type","post_type"
"208","86","_menu_item_menu_item_parent","0"
"209","86","_menu_item_object_id","82"
"210","86","_menu_item_object","page"
"211","86","_menu_item_target",
"212","86","_menu_item_classes","a:1:{i:0;s:0:"""";}"
"213","86","_menu_item_xfn",
"214","86","_menu_item_url",
"216","87","_menu_item_type","post_type"
"217","87","_menu_item_menu_item_parent","0"
"218","87","_menu_item_object_id","43"
"219","87","_menu_item_object","page"
"220","87","_menu_item_target",
"221","87","_menu_item_classes","a:1:{i:0;s:0:"""";}"
"222","87","_menu_item_xfn",
"223","87","_menu_item_url",
"291","95","_menu_item_type","custom"
"292","95","_menu_item_menu_item_parent","0"
"293","95","_menu_item_object_id","95"
"294","95","_menu_item_object","custom"
"295","95","_menu_item_target",
"296","95","_menu_item_classes","a:1:{i:0;s:0:"""";}"
"297","95","_menu_item_xfn",
"298","95","_menu_item_url","https://pharmagister.hu/wp-login.php?action=logout"
"309","97","_menu_item_type","custom"
"310","97","_menu_item_menu_item_parent","0"
"311","97","_menu_item_object_id","97"
"312","97","_menu_item_object","custom"
"313","97","_menu_item_target",
"314","97","_menu_item_classes","a:1:{i:0;s:0:"""";}"
"315","97","_menu_item_xfn",
"316","97","_menu_item_url","https://pharmagister.hu/regisztracio-2/"
"319","86","_jp_nav_item_options","a:4:{s:11:""avatar_size"";s:2:""24"";s:13:""redirect_type"";s:7:""current"";s:11:""which_users"";s:9:""logged_in"";s:7:""can_see"";s:3:""yes"";}"
"320","87","_jp_nav_item_options","a:4:{s:11:""avatar_size"";s:2:""24"";s:13:""redirect_type"";s:7:""current"";s:11:""which_users"";s:9:""logged_in"";s:7:""can_see"";s:3:""yes"";}"
"322","95","_jp_nav_item_options","a:4:{s:11:""avatar_size"";s:2:""24"";s:13:""redirect_type"";s:7:""current"";s:11:""which_users"";s:9:""logged_in"";s:7:""can_see"";s:3:""yes"";}"
"324","97","_jp_nav_item_options","a:4:{s:11:""avatar_size"";s:2:""24"";s:13:""redirect_type"";s:7:""current"";s:11:""which_users"";s:10:""logged_out"";s:7:""can_see"";s:3:""yes"";}"
"348","101","_edit_lock","1761337576:76"
"381","107","_edit_lock","1761337514:76"
"382","109","_menu_item_type","post_type"
"383","109","_menu_item_menu_item_parent","0"
"384","109","_menu_item_object_id","107"
"385","109","_menu_item_object","page"
"386","109","_menu_item_target",
"387","109","_menu_item_classes","a:1:{i:0;s:0:"""";}"
"388","109","_menu_item_xfn",
"389","109","_menu_item_url",
"391","109","_jp_nav_item_options","a:4:{s:11:""avatar_size"";s:2:""24"";s:13:""redirect_type"";s:7:""current"";s:11:""which_users"";s:9:""logged_in"";s:7:""can_see"";s:3:""yes"";}"
"558","155","_edit_lock","1761337589:76"
"585","86","_wp_old_date","2025-10-07"
"586","87","_wp_old_date","2025-10-07"
"588","95","_wp_old_date","2025-10-07"
"589","97","_wp_old_date","2025-10-07"
"591","109","_wp_old_date","2025-10-07"
"705","208","_edit_lock","1761337521:76"
"710","86","_wp_old_date","2025-10-10"
"711","87","_wp_old_date","2025-10-10"
"713","95","_wp_old_date","2025-10-10"
"714","97","_wp_old_date","2025-10-10"
"716","109","_wp_old_date","2025-10-10"
"762","227","_edit_lock","1761337601:76"
"765","86","_wp_old_date","2025-10-12"
"766","87","_wp_old_date","2025-10-12"
"767","95","_wp_old_date","2025-10-12"
"768","97","_wp_old_date","2025-10-12"
"770","109","_wp_old_date","2025-10-12"
"1021","86","_wp_old_date","2025-10-14"
"1022","87","_wp_old_date","2025-10-14"
"1023","95","_wp_old_date","2025-10-14"
"1024","97","_wp_old_date","2025-10-14"
"1026","109","_wp_old_date","2025-10-14"
"1090","302","_edit_lock","1761337482:76"
"1091","304","_menu_item_type","post_type"
"1092","304","_menu_item_menu_item_parent","0"
"1093","304","_menu_item_object_id","302"
"1094","304","_menu_item_object","page"
"1095","304","_menu_item_target",
"1096","304","_menu_item_classes","a:1:{i:0;s:0:"""";}"
"1097","304","_menu_item_xfn",
"1098","304","_menu_item_url",
"1100","86","_wp_old_date","2025-10-17"
"1101","87","_wp_old_date","2025-10-17"
"1102","95","_wp_old_date","2025-10-17"
"1103","97","_wp_old_date","2025-10-17"
"1105","109","_wp_old_date","2025-10-17"
"1210","86","_wp_old_date","2025-10-18"
"1211","87","_wp_old_date","2025-10-18"
"1212","95","_wp_old_date","2025-10-18"
"1213","97","_wp_old_date","2025-10-18"
"1215","109","_wp_old_date","2025-10-18"
"1216","304","_wp_old_date","2025-10-18"
"1217","304","_jp_nav_item_options","a:4:{s:11:""avatar_size"";s:2:""24"";s:13:""redirect_type"";s:7:""current"";s:11:""which_users"";s:9:""logged_in"";s:7:""can_see"";s:3:""yes"";}"
"1218","346","_edit_lock","1761337655:76"
"1220","350","_menu_item_type","post_type"
"1221","350","_menu_item_menu_item_parent","0"
"1222","350","_menu_item_object_id","346"
"1223","350","_menu_item_object","page"
"1224","350","_menu_item_target",
"1225","350","_menu_item_classes","a:1:{i:0;s:0:"""";}"
"1226","350","_menu_item_xfn",
"1227","350","_menu_item_url",
"1229","350","_jp_nav_item_options","a:3:{s:11:""avatar_size"";s:2:""24"";s:13:""redirect_type"";s:7:""current"";s:7:""can_see"";s:3:""yes"";}"
"1347","3","_edit_lock","1761337646:76"
"1348","350","_wp_old_date","2025-10-19"
"1349","86","_wp_old_date","2025-10-19"
"1350","87","_wp_old_date","2025-10-19"
"1351","97","_wp_old_date","2025-10-19"
"1353","109","_wp_old_date","2025-10-19"
"1354","304","_wp_old_date","2025-10-19"
"1355","95","_wp_old_date","2025-10-19"
"1368","396","_menu_item_type","custom"
"1369","396","_menu_item_menu_item_parent","0"
"1370","396","_menu_item_object_id","396"
"1371","396","_menu_item_object","custom"
"1372","396","_menu_item_target",
"1373","396","_menu_item_classes","a:1:{i:0;s:0:"""";}"
"1374","396","_menu_item_xfn",
"1375","396","_menu_item_url","/wp-login.php"
"1377","350","_wp_old_date","2025-10-20"
"1378","86","_wp_old_date","2025-10-20"
"1379","87","_wp_old_date","2025-10-20"
"1380","97","_wp_old_date","2025-10-20"
"1381","109","_wp_old_date","2025-10-20"
"1382","304","_wp_old_date","2025-10-20"
"1383","95","_wp_old_date","2025-10-20"
"1384","396","_jp_nav_item_options","a:4:{s:11:""avatar_size"";s:2:""24"";s:13:""redirect_type"";s:7:""current"";s:11:""which_users"";s:10:""logged_out"";s:7:""can_see"";s:3:""yes"";}"
"1385","397","_menu_item_type","custom"
"1386","397","_menu_item_menu_item_parent","0"
"1387","397","_menu_item_object_id","397"
"1388","397","_menu_item_object","custom"
"1389","397","_menu_item_target",
"1390","397","_menu_item_classes","a:1:{i:0;s:0:"""";}"
"1391","397","_menu_item_xfn",
"1392","397","_menu_item_url","/wp-login.php"
"1394","398","_menu_item_type","post_type"
"1395","398","_menu_item_menu_item_parent","0"
"1396","398","_menu_item_object_id","346"
"1397","398","_menu_item_object","page"
"1398","398","_menu_item_target",
"1399","398","_menu_item_classes","a:1:{i:0;s:0:"""";}"
"1400","398","_menu_item_xfn",
"1401","398","_menu_item_url",
"1403","399","_menu_item_type","post_type"
"1404","399","_menu_item_menu_item_parent","0"
"1405","399","_menu_item_object_id","302"
"1406","399","_menu_item_object","page"
"1407","399","_menu_item_target",
"1408","399","_menu_item_classes","a:1:{i:0;s:0:"""";}"
"1409","399","_menu_item_xfn",
"1410","399","_menu_item_url",
"1412","400","_menu_item_type","post_type"
"1413","400","_menu_item_menu_item_parent","0"
"1414","400","_menu_item_object_id","208"
"1415","400","_menu_item_object","page"
"1416","400","_menu_item_target",
"1417","400","_menu_item_classes","a:1:{i:0;s:0:"""";}"
"1418","400","_menu_item_xfn",
"1419","400","_menu_item_url",
"1421","401","_menu_item_type","post_type"
"1422","401","_menu_item_menu_item_parent","0"
"1423","401","_menu_item_object_id","107"
"1424","401","_menu_item_object","page"
"1425","401","_menu_item_target",
"1426","401","_menu_item_classes","a:1:{i:0;s:0:"""";}"
"1427","401","_menu_item_xfn",
"1428","401","_menu_item_url",
"1430","402","_menu_item_type","post_type"
"1431","402","_menu_item_menu_item_parent","0"
"1432","402","_menu_item_object_id","82"
"1433","402","_menu_item_object","page"
"1434","402","_menu_item_target",
"1435","402","_menu_item_classes","a:1:{i:0;s:0:"""";}"
"1436","402","_menu_item_xfn",
"1437","402","_menu_item_url",
"1439","403","_menu_item_type","post_type"
"1440","403","_menu_item_menu_item_parent","0"
"1441","403","_menu_item_object_id","43"
"1442","403","_menu_item_object","page"
"1443","403","_menu_item_target",
"1444","403","_menu_item_classes","a:1:{i:0;s:0:"""";}"
"1445","403","_menu_item_xfn",
"1446","403","_menu_item_url",
"1448","397","_jp_nav_item_options","a:4:{s:11:""avatar_size"";s:2:""24"";s:13:""redirect_type"";s:7:""current"";s:11:""which_users"";s:10:""logged_out"";s:7:""can_see"";s:3:""yes"";}"
"1449","398","_jp_nav_item_options","a:3:{s:11:""avatar_size"";s:2:""24"";s:13:""redirect_type"";s:7:""current"";s:7:""can_see"";s:3:""yes"";}"
"1450","399","_jp_nav_item_options","a:4:{s:11:""avatar_size"";s:2:""24"";s:13:""redirect_type"";s:7:""current"";s:11:""which_users"";s:9:""logged_in"";s:7:""can_see"";s:3:""yes"";}"
"1451","400","_jp_nav_item_options","a:4:{s:11:""avatar_size"";s:2:""24"";s:13:""redirect_type"";s:7:""current"";s:11:""which_users"";s:10:""logged_out"";s:7:""can_see"";s:3:""yes"";}"
"1452","401","_jp_nav_item_options","a:4:{s:11:""avatar_size"";s:2:""24"";s:13:""redirect_type"";s:7:""current"";s:11:""which_users"";s:9:""logged_in"";s:7:""can_see"";s:3:""yes"";}"
"1453","402","_jp_nav_item_options","a:4:{s:11:""avatar_size"";s:2:""24"";s:13:""redirect_type"";s:7:""current"";s:11:""which_users"";s:9:""logged_in"";s:7:""can_see"";s:3:""yes"";}"
"1454","403","_jp_nav_item_options","a:4:{s:11:""avatar_size"";s:2:""24"";s:13:""redirect_type"";s:7:""current"";s:11:""which_users"";s:9:""logged_in"";s:7:""can_see"";s:3:""yes"";}"
"1455","404","_menu_item_type","custom"
"1456","404","_menu_item_menu_item_parent","0"
"1457","404","_menu_item_object_id","404"
"1458","404","_menu_item_object","custom"
"1459","404","_menu_item_target",
"1460","404","_menu_item_classes","a:1:{i:0;s:0:"""";}"
"1461","404","_menu_item_xfn",
"1462","404","_menu_item_url","https://pharmagister.hu/wp-login.php?action=logout"
"1464","404","_jp_nav_item_options","a:4:{s:11:""avatar_size"";s:2:""24"";s:13:""redirect_type"";s:7:""current"";s:11:""which_users"";s:9:""logged_in"";s:7:""can_see"";s:3:""yes"";}"
"1465","405","_edit_lock","1761337612:76"
"1475","419","_edit_lock","1761337771:76"
"1482","419","site-sidebar-layout","default"
"1483","419","site-content-layout",
"1484","419","ast-site-content-layout","default"
"1485","419","site-content-style","default"
"1486","419","site-sidebar-style","default"
"1487","419","ast-global-header-display",
"1488","419","ast-banner-title-visibility",
"1489","419","ast-main-header-display",
"1490","419","ast-hfb-above-header-display",
"1491","419","ast-hfb-below-header-display",
"1492","419","ast-hfb-mobile-header-display",
"1493","419","site-post-title","disabled"
"1494","419","ast-breadcrumbs-content",
"1495","419","ast-featured-img",
"1496","419","footer-sml-layout",
"1497","419","theme-transparent-header-meta",
"1498","419","adv-header-id-meta",
"1499","419","stick-header-meta",
"1500","419","header-above-stick-meta",
"1501","419","header-main-stick-meta",
"1502","419","header-below-stick-meta",
"1503","419","astra-migrate-meta-layouts","default"
"1504","419","ast-page-background-enabled","default"
"1505","419","ast-page-background-meta","a:3:{s:7:""desktop"";a:12:{s:16:""background-color"";s:25:""var(--ast-global-color-5)"";s:16:""background-image"";s:0:"""";s:17:""background-repeat"";s:6:""repeat"";s:19:""background-position"";s:13:""center center"";s:15:""background-size"";s:4:""auto"";s:21:""background-attachment"";s:6:""scroll"";s:15:""background-type"";s:0:"""";s:16:""background-media"";s:0:"""";s:12:""overlay-type"";s:0:"""";s:13:""overlay-color"";s:0:"""";s:15:""overlay-opacity"";s:0:"""";s:16:""overlay-gradient"";s:0:"""";}s:6:""tablet"";a:12:{s:16:""background-color"";s:0:"""";s:16:""background-image"";s:0:"""";s:17:""background-repeat"";s:6:""repeat"";s:19:""background-position"";s:13:""center center"";s:15:""background-size"";s:4:""auto"";s:21:""background-attachment"";s:6:""scroll"";s:15:""background-type"";s:0:"""";s:16:""background-media"";s:0:"""";s:12:""overlay-type"";s:0:"""";s:13:""overlay-color"";s:0:"""";s:15:""overlay-opacity"";s:0:"""";s:16:""overlay-gradient"";s:0:"""";}s:6:""mobile"";a:12:{s:16:""background-color"";s:0:"""";s:16:""background-image"";s:0:"""";s:17:""background-repeat"";s:6:""repeat"";s:19:""background-position"";s:13:""center center"";s:15:""background-size"";s:4:""auto"";s:21:""background-attachment"";s:6:""scroll"";s:15:""background-type"";s:0:"""";s:16:""background-media"";s:0:"""";s:12:""overlay-type"";s:0:"""";s:13:""overlay-color"";s:0:"""";s:15:""overlay-opacity"";s:0:"""";s:16:""overlay-gradient"";s:0:"""";}}"
"1506","419","ast-content-background-meta","a:3:{s:7:""desktop"";a:12:{s:16:""background-color"";s:25:""var(--ast-global-color-4)"";s:16:""background-image"";s:0:"""";s:17:""background-repeat"";s:6:""repeat"";s:19:""background-position"";s:13:""center center"";s:15:""background-size"";s:4:""auto"";s:21:""background-attachment"";s:6:""scroll"";s:15:""background-type"";s:0:"""";s:16:""background-media"";s:0:"""";s:12:""overlay-type"";s:0:"""";s:13:""overlay-color"";s:0:"""";s:15:""overlay-opacity"";s:0:"""";s:16:""overlay-gradient"";s:0:"""";}s:6:""tablet"";a:12:{s:16:""background-color"";s:25:""var(--ast-global-color-4)"";s:16:""background-image"";s:0:"""";s:17:""background-repeat"";s:6:""repeat"";s:19:""background-position"";s:13:""center center"";s:15:""background-size"";s:4:""auto"";s:21:""background-attachment"";s:6:""scroll"";s:15:""background-type"";s:0:"""";s:16:""background-media"";s:0:"""";s:12:""overlay-type"";s:0:"""";s:13:""overlay-color"";s:0:"""";s:15:""overlay-opacity"";s:0:"""";s:16:""overlay-gradient"";s:0:"""";}s:6:""mobile"";a:12:{s:16:""background-color"";s:25:""var(--ast-global-color-4)"";s:16:""background-image"";s:0:"""";s:17:""background-repeat"";s:6:""repeat"";s:19:""background-position"";s:13:""center center"";s:15:""background-size"";s:4:""auto"";s:21:""background-attachment"";s:6:""scroll"";s:15:""background-type"";s:0:"""";s:16:""background-media"";s:0:"""";s:12:""overlay-type"";s:0:"""";s:13:""overlay-color"";s:0:"""";s:15:""overlay-opacity"";s:0:"""";s:16:""overlay-gradient"";s:0:"""";}}"
"1507","419","footnotes",
"1522","427","sender_id","55"
"1523","427","recipient_id","56"
"1524","427","_request_id","424"
"1525","427","_is_read","1"
"1526","428","sender_id","55"
"1527","428","recipient_id","56"
"1528","428","_request_id","424"
"1529","428","_is_read","1"
"1534","430","sender_id","55"
"1535","430","recipient_id","56"
"1536","430","_request_id","424"
"1537","430","_is_read","1"
"1546","433","sender_id","55"
"1547","433","recipient_id","56"
"1548","433","_request_id","424"
"1549","433","_is_read","1"
"1554","435","sender_id","55"
"1555","435","recipient_id","56"
"1556","435","_request_id","424"
"1557","435","_is_read","1"
"1589","442","_wp_attached_file","2025/10/1000008889.jpg"
"1590","442","_wp_attachment_metadata","a:6:{s:5:""width"";i:1200;s:6:""height"";i:1203;s:4:""file"";s:22:""2025/10/1000008889.jpg"";s:8:""filesize"";i:111112;s:5:""sizes"";a:4:{s:6:""medium"";a:5:{s:4:""file"";s:22:""1000008889-300x300.jpg"";s:5:""width"";i:300;s:6:""height"";i:300;s:9:""mime-type"";s:10:""image/jpeg"";s:8:""filesize"";i:21135;}s:5:""large"";a:5:{s:4:""file"";s:24:""1000008889-1021x1024.jpg"";s:5:""width"";i:1021;s:6:""height"";i:1024;s:9:""mime-type"";s:10:""image/jpeg"";s:8:""filesize"";i:143530;}s:9:""thumbnail"";a:5:{s:4:""file"";s:22:""1000008889-150x150.jpg"";s:5:""width"";i:150;s:6:""height"";i:150;s:9:""mime-type"";s:10:""image/jpeg"";s:8:""filesize"";i:6762;}s:12:""medium_large"";a:5:{s:4:""file"";s:22:""1000008889-768x770.jpg"";s:5:""width"";i:768;s:6:""height"";i:770;s:9:""mime-type"";s:10:""image/jpeg"";s:8:""filesize"";i:94308;}}s:10:""image_meta"";a:12:{s:8:""aperture"";s:1:""0"";s:6:""credit"";s:0:"""";s:6:""camera"";s:0:"""";s:7:""caption"";s:0:"""";s:17:""created_timestamp"";s:1:""0"";s:9:""copyright"";s:0:"""";s:12:""focal_length"";s:1:""0"";s:3:""iso"";s:1:""0"";s:13:""shutter_speed"";s:1:""0"";s:5:""title"";s:0:"""";s:11:""orientation"";s:1:""0"";s:8:""keywords"";a:0:{}}}"
"1676","462","_edit_lock","1761337472:76"
"1677","464","_menu_item_type","post_type"
"1678","464","_menu_item_menu_item_parent","0"
"1679","464","_menu_item_object_id","462"
"1680","464","_menu_item_object","page"
"1681","464","_menu_item_target",
"1682","464","_menu_item_classes","a:1:{i:0;s:0:"""";}"
"1683","464","_menu_item_xfn",
"1684","464","_menu_item_url",
"1685","464","_menu_item_orphaned","1761330371"
"1686","465","_menu_item_type","post_type"
"1687","465","_menu_item_menu_item_parent","0"
"1688","465","_menu_item_object_id","462"
"1689","465","_menu_item_object","page"
"1690","465","_menu_item_target",
"1691","465","_menu_item_classes","a:1:{i:0;s:0:"""";}"
"1692","465","_menu_item_xfn",
"1693","465","_menu_item_url",
"1695","350","_wp_old_date","2025-10-21"
"1696","86","_wp_old_date","2025-10-21"
"1697","87","_wp_old_date","2025-10-21"
"1698","97","_wp_old_date","2025-10-21"
"1699","109","_wp_old_date","2025-10-21"
"1700","304","_wp_old_date","2025-10-21"
"1701","95","_wp_old_date","2025-10-21"
"1702","396","_wp_old_date","2025-10-21"
"1703","465","_jp_nav_item_options","a:3:{s:11:""avatar_size"";s:2:""24"";s:13:""redirect_type"";s:7:""current"";s:7:""can_see"";s:3:""yes"";}"
"1704","466","_menu_item_type","post_type"
"1705","466","_menu_item_menu_item_parent","0"
"1706","466","_menu_item_object_id","462"
"1707","466","_menu_item_object","page"
"1708","466","_menu_item_target",
"1709","466","_menu_item_classes","a:1:{i:0;s:0:"""";}"
"1710","466","_menu_item_xfn",
"1711","466","_menu_item_url",
"1713","397","_wp_old_date","2025-10-21"
"1714","398","_wp_old_date","2025-10-21"
"1715","399","_wp_old_date","2025-10-21"
"1716","400","_wp_old_date","2025-10-21"
"1717","401","_wp_old_date","2025-10-21"
"1718","402","_wp_old_date","2025-10-21"
"1719","403","_wp_old_date","2025-10-21"
"1720","404","_wp_old_date","2025-10-21"
"1721","466","_jp_nav_item_options","a:3:{s:11:""avatar_size"";s:2:""24"";s:13:""redirect_type"";s:7:""current"";s:7:""can_see"";s:3:""yes"";}"
"1739","470","footnotes",
"1776","481","footnotes",
"1784","487","_wp_attached_file","2025/10/IMG_5544.png"
"1785","487","_wp_attachment_metadata","a:6:{s:5:""width"";i:1536;s:6:""height"";i:1024;s:4:""file"";s:20:""2025/10/IMG_5544.png"";s:8:""filesize"";i:2244043;s:5:""sizes"";a:4:{s:6:""medium"";a:5:{s:4:""file"";s:20:""IMG_5544-300x200.png"";s:5:""width"";i:300;s:6:""height"";i:200;s:9:""mime-type"";s:9:""image/png"";s:8:""filesize"";i:19674;}s:5:""large"";a:5:{s:4:""file"";s:21:""IMG_5544-1024x683.png"";s:5:""width"";i:1024;s:6:""height"";i:683;s:9:""mime-type"";s:9:""image/png"";s:8:""filesize"";i:345918;}s:9:""thumbnail"";a:5:{s:4:""file"";s:20:""IMG_5544-150x150.png"";s:5:""width"";i:150;s:6:""height"";i:150;s:9:""mime-type"";s:9:""image/png"";s:8:""filesize"";i:9902;}s:12:""medium_large"";a:5:{s:4:""file"";s:20:""IMG_5544-768x512.png"";s:5:""width"";i:768;s:6:""height"";i:512;s:9:""mime-type"";s:9:""image/png"";s:8:""filesize"";i:152249;}}s:10:""image_meta"";a:12:{s:8:""aperture"";s:1:""0"";s:6:""credit"";s:0:"""";s:6:""camera"";s:0:"""";s:7:""caption"";s:0:"""";s:17:""created_timestamp"";s:1:""0"";s:9:""copyright"";s:0:"""";s:12:""focal_length"";s:1:""0"";s:3:""iso"";s:1:""0"";s:13:""shutter_speed"";s:1:""0"";s:5:""title"";s:0:"""";s:11:""orientation"";s:1:""0"";s:8:""keywords"";a:0:{}}}"
"1786","488","_wp_attached_file","2025/10/1000078399-scaled.jpg"
"1787","488","_wp_attachment_metadata","a:7:{s:5:""width"";i:1707;s:6:""height"";i:2560;s:4:""file"";s:29:""2025/10/1000078399-scaled.jpg"";s:8:""filesize"";i:432742;s:5:""sizes"";a:6:{s:6:""medium"";a:5:{s:4:""file"";s:22:""1000078399-200x300.jpg"";s:5:""width"";i:200;s:6:""height"";i:300;s:9:""mime-type"";s:10:""image/jpeg"";s:8:""filesize"";i:11238;}s:5:""large"";a:5:{s:4:""file"";s:23:""1000078399-683x1024.jpg"";s:5:""width"";i:683;s:6:""height"";i:1024;s:9:""mime-type"";s:10:""image/jpeg"";s:8:""filesize"";i:77725;}s:9:""thumbnail"";a:5:{s:4:""file"";s:22:""1000078399-150x150.jpg"";s:5:""width"";i:150;s:6:""height"";i:150;s:9:""mime-type"";s:10:""image/jpeg"";s:8:""filesize"";i:5715;}s:12:""medium_large"";a:5:{s:4:""file"";s:23:""1000078399-768x1152.jpg"";s:5:""width"";i:768;s:6:""height"";i:1152;s:9:""mime-type"";s:10:""image/jpeg"";s:8:""filesize"";i:95022;}s:9:""1536x1536"";a:5:{s:4:""file"";s:24:""1000078399-1024x1536.jpg"";s:5:""width"";i:1024;s:6:""height"";i:1536;s:9:""mime-type"";s:10:""image/jpeg"";s:8:""filesize"";i:160475;}s:9:""2048x2048"";a:5:{s:4:""file"";s:24:""1000078399-1365x2048.jpg"";s:5:""width"";i:1365;s:6:""height"";i:2048;s:9:""mime-type"";s:10:""image/jpeg"";s:8:""filesize"";i:279258;}}s:10:""image_meta"";a:12:{s:8:""aperture"";s:3:""6.3"";s:6:""credit"";s:0:"""";s:6:""camera"";s:14:""Canon EOS R6m2"";s:7:""caption"";s:0:"""";s:17:""created_timestamp"";s:10:""1700929079"";s:9:""copyright"";s:0:"""";s:12:""focal_length"";s:2:""97"";s:3:""iso"";s:3:""125"";s:13:""shutter_speed"";s:5:""0.008"";s:5:""title"";s:0:"""";s:11:""orientation"";s:1:""1"";s:8:""keywords"";a:0:{}}s:14:""original_image"";s:14:""1000078399.jpg"";}"
"1788","489","_wp_attached_file","2025/10/IMG_2783.jpeg"
"1789","489","_wp_attachment_metadata","a:6:{s:5:""width"";i:1200;s:6:""height"";i:1600;s:4:""file"";s:21:""2025/10/IMG_2783.jpeg"";s:8:""filesize"";i:313116;s:5:""sizes"";a:5:{s:6:""medium"";a:5:{s:4:""file"";s:21:""IMG_2783-225x300.jpeg"";s:5:""width"";i:225;s:6:""height"";i:300;s:9:""mime-type"";s:10:""image/jpeg"";s:8:""filesize"";i:25024;}s:5:""large"";a:5:{s:4:""file"";s:22:""IMG_2783-768x1024.jpeg"";s:5:""width"";i:768;s:6:""height"";i:1024;s:9:""mime-type"";s:10:""image/jpeg"";s:8:""filesize"";i:109006;}s:9:""thumbnail"";a:5:{s:4:""file"";s:21:""IMG_2783-150x150.jpeg"";s:5:""width"";i:150;s:6:""height"";i:150;s:9:""mime-type"";s:10:""image/jpeg"";s:8:""filesize"";i:16749;}s:12:""medium_large"";a:5:{s:4:""file"";s:22:""IMG_2783-768x1024.jpeg"";s:5:""width"";i:768;s:6:""height"";i:1024;s:9:""mime-type"";s:10:""image/jpeg"";s:8:""filesize"";i:109006;}s:9:""1536x1536"";a:5:{s:4:""file"";s:23:""IMG_2783-1152x1536.jpeg"";s:5:""width"";i:1152;s:6:""height"";i:1536;s:9:""mime-type"";s:10:""image/jpeg"";s:8:""filesize"";i:203919;}}s:10:""image_meta"";a:12:{s:8:""aperture"";s:1:""0"";s:6:""credit"";s:0:"""";s:6:""camera"";s:0:"""";s:7:""caption"";s:0:"""";s:17:""created_timestamp"";s:1:""0"";s:9:""copyright"";s:0:"""";s:12:""focal_length"";s:1:""0"";s:3:""iso"";s:1:""0"";s:13:""shutter_speed"";s:1:""0"";s:5:""title"";s:0:"""";s:11:""orientation"";s:1:""1"";s:8:""keywords"";a:0:{}}}"
"1790","490","_wp_attached_file","2025/10/IMG_1153-scaled.jpeg"
"1791","490","_wp_attachment_metadata","a:7:{s:5:""width"";i:1004;s:6:""height"";i:2560;s:4:""file"";s:28:""2025/10/IMG_1153-scaled.jpeg"";s:8:""filesize"";i:429710;s:5:""sizes"";a:6:{s:6:""medium"";a:5:{s:4:""file"";s:21:""IMG_1153-118x300.jpeg"";s:5:""width"";i:118;s:6:""height"";i:300;s:9:""mime-type"";s:10:""image/jpeg"";s:8:""filesize"";i:11750;}s:5:""large"";a:5:{s:4:""file"";s:22:""IMG_1153-402x1024.jpeg"";s:5:""width"";i:402;s:6:""height"";i:1024;s:9:""mime-type"";s:10:""image/jpeg"";s:8:""filesize"";i:88482;}s:9:""thumbnail"";a:5:{s:4:""file"";s:21:""IMG_1153-150x150.jpeg"";s:5:""width"";i:150;s:6:""height"";i:150;s:9:""mime-type"";s:10:""image/jpeg"";s:8:""filesize"";i:8691;}s:12:""medium_large"";a:5:{s:4:""file"";s:22:""IMG_1153-768x1958.jpeg"";s:5:""width"";i:768;s:6:""height"";i:1958;s:9:""mime-type"";s:10:""image/jpeg"";s:8:""filesize"";i:275794;}s:9:""1536x1536"";a:5:{s:4:""file"";s:22:""IMG_1153-602x1536.jpeg"";s:5:""width"";i:602;s:6:""height"";i:1536;s:9:""mime-type"";s:10:""image/jpeg"";s:8:""filesize"";i:181583;}s:9:""2048x2048"";a:5:{s:4:""file"";s:22:""IMG_1153-803x2048.jpeg"";s:5:""width"";i:803;s:6:""height"";i:2048;s:9:""mime-type"";s:10:""image/jpeg"";s:8:""filesize"";i:297784;}}s:10:""image_meta"";a:12:{s:8:""aperture"";s:3:""2.2"";s:6:""credit"";s:0:"""";s:6:""camera"";s:9:""iPhone 6s"";s:7:""caption"";s:0:"""";s:17:""created_timestamp"";s:10:""1498670208"";s:9:""copyright"";s:0:"""";s:12:""focal_length"";s:4:""4.15"";s:3:""iso"";s:2:""25"";s:13:""shutter_speed"";s:18:""0.0049261083743842"";s:5:""title"";s:0:"""";s:11:""orientation"";s:1:""1"";s:8:""keywords"";a:0:{}}s:14:""original_image"";s:13:""IMG_1153.jpeg"";}"
"1798","492","sender_id","106"
"1799","492","recipient_id","109"
"1800","492","_request_id","491"
"1801","492","_is_read","1"
"1806","494","_wp_attached_file","2025/10/4.jpg"
"1807","494","_wp_attachment_metadata","a:6:{s:5:""width"";i:540;s:6:""height"";i:960;s:4:""file"";s:13:""2025/10/4.jpg"";s:8:""filesize"";i:45107;s:5:""sizes"";a:2:{s:6:""medium"";a:5:{s:4:""file"";s:13:""4-169x300.jpg"";s:5:""width"";i:169;s:6:""height"";i:300;s:9:""mime-type"";s:10:""image/jpeg"";s:8:""filesize"";i:9260;}s:9:""thumbnail"";a:5:{s:4:""file"";s:13:""4-150x150.jpg"";s:5:""width"";i:150;s:6:""height"";i:150;s:9:""mime-type"";s:10:""image/jpeg"";s:8:""filesize"";i:5476;}}s:10:""image_meta"";a:12:{s:8:""aperture"";s:1:""0"";s:6:""credit"";s:0:"""";s:6:""camera"";s:0:"""";s:7:""caption"";s:0:"""";s:17:""created_timestamp"";s:1:""0"";s:9:""copyright"";s:0:"""";s:12:""focal_length"";s:1:""0"";s:3:""iso"";s:1:""0"";s:13:""shutter_speed"";s:1:""0"";s:5:""title"";s:0:"""";s:11:""orientation"";s:1:""0"";s:8:""keywords"";a:0:{}}}"
"1811","495","_wp_attached_file","2025/10/0cb8b454-91ee-4bef-822a-e1a91b7379f1-1_all_13426-scaled.jpg"
"1812","495","_wp_attachment_metadata","a:7:{s:5:""width"";i:1440;s:6:""height"";i:2560;s:4:""file"";s:67:""2025/10/0cb8b454-91ee-4bef-822a-e1a91b7379f1-1_all_13426-scaled.jpg"";s:8:""filesize"";i:402404;s:5:""sizes"";a:6:{s:6:""medium"";a:5:{s:4:""file"";s:60:""0cb8b454-91ee-4bef-822a-e1a91b7379f1-1_all_13426-169x300.jpg"";s:5:""width"";i:169;s:6:""height"";i:300;s:9:""mime-type"";s:10:""image/jpeg"";s:8:""filesize"";i:42154;}s:5:""large"";a:5:{s:4:""file"";s:61:""0cb8b454-91ee-4bef-822a-e1a91b7379f1-1_all_13426-576x1024.jpg"";s:5:""width"";i:576;s:6:""height"";i:1024;s:9:""mime-type"";s:10:""image/jpeg"";s:8:""filesize"";i:98028;}s:9:""thumbnail"";a:5:{s:4:""file"";s:60:""0cb8b454-91ee-4bef-822a-e1a91b7379f1-1_all_13426-150x150.jpg"";s:5:""width"";i:150;s:6:""height"";i:150;s:9:""mime-type"";s:10:""image/jpeg"";s:8:""filesize"";i:37908;}s:12:""medium_large"";a:5:{s:4:""file"";s:61:""0cb8b454-91ee-4bef-822a-e1a91b7379f1-1_all_13426-768x1365.jpg"";s:5:""width"";i:768;s:6:""height"";i:1365;s:9:""mime-type"";s:10:""image/jpeg"";s:8:""filesize"";i:142095;}s:9:""1536x1536"";a:5:{s:4:""file"";s:61:""0cb8b454-91ee-4bef-822a-e1a91b7379f1-1_all_13426-864x1536.jpg"";s:5:""width"";i:864;s:6:""height"";i:1536;s:9:""mime-type"";s:10:""image/jpeg"";s:8:""filesize"";i:168512;}s:9:""2048x2048"";a:5:{s:4:""file"";s:62:""0cb8b454-91ee-4bef-822a-e1a91b7379f1-1_all_13426-1152x2048.jpg"";s:5:""width"";i:1152;s:6:""height"";i:2048;s:9:""mime-type"";s:10:""image/jpeg"";s:8:""filesize"";i:268987;}}s:10:""image_meta"";a:12:{s:8:""aperture"";s:3:""2.2"";s:6:""credit"";s:0:"""";s:6:""camera"";s:8:""SM-A336B"";s:7:""caption"";s:0:"""";s:17:""created_timestamp"";s:10:""1760106879"";s:9:""copyright"";s:0:"""";s:12:""focal_length"";s:4:""3.39"";s:3:""iso"";s:3:""200"";s:13:""shutter_speed"";s:4:""0.02"";s:5:""title"";s:0:"""";s:11:""orientation"";i:1;s:8:""keywords"";a:0:{}}s:14:""original_image"";s:52:""0cb8b454-91ee-4bef-822a-e1a91b7379f1-1_all_13426.jpg"";}"
"1813","496","_wp_attached_file","2025/10/IMG_9749-scaled.jpeg"
"1814","496","_wp_attachment_metadata","a:7:{s:5:""width"";i:1920;s:6:""height"";i:2560;s:4:""file"";s:28:""2025/10/IMG_9749-scaled.jpeg"";s:8:""filesize"";i:718373;s:5:""sizes"";a:6:{s:6:""medium"";a:5:{s:4:""file"";s:21:""IMG_9749-225x300.jpeg"";s:5:""width"";i:225;s:6:""height"";i:300;s:9:""mime-type"";s:10:""image/jpeg"";s:8:""filesize"";i:31310;}s:5:""large"";a:5:{s:4:""file"";s:22:""IMG_9749-768x1024.jpeg"";s:5:""width"";i:768;s:6:""height"";i:1024;s:9:""mime-type"";s:10:""image/jpeg"";s:8:""filesize"";i:161023;}s:9:""thumbnail"";a:5:{s:4:""file"";s:21:""IMG_9749-150x150.jpeg"";s:5:""width"";i:150;s:6:""height"";i:150;s:9:""mime-type"";s:10:""image/jpeg"";s:8:""filesize"";i:21338;}s:12:""medium_large"";a:5:{s:4:""file"";s:22:""IMG_9749-768x1024.jpeg"";s:5:""width"";i:768;s:6:""height"";i:1024;s:9:""mime-type"";s:10:""image/jpeg"";s:8:""filesize"";i:161023;}s:9:""1536x1536"";a:5:{s:4:""file"";s:23:""IMG_9749-1152x1536.jpeg"";s:5:""width"";i:1152;s:6:""height"";i:1536;s:9:""mime-type"";s:10:""image/jpeg"";s:8:""filesize"";i:309880;}s:9:""2048x2048"";a:5:{s:4:""file"";s:23:""IMG_9749-1536x2048.jpeg"";s:5:""width"";i:1536;s:6:""height"";i:2048;s:9:""mime-type"";s:10:""image/jpeg"";s:8:""filesize"";i:497510;}}s:10:""image_meta"";a:12:{s:8:""aperture"";s:3:""1.8"";s:6:""credit"";s:0:"""";s:6:""camera"";s:26:""iPhone SE (2nd generation)"";s:7:""caption"";s:0:"""";s:17:""created_timestamp"";s:10:""1728302840"";s:9:""copyright"";s:0:"""";s:12:""focal_length"";s:4:""3.99"";s:3:""iso"";s:2:""20"";s:13:""shutter_speed"";s:18:""0.0010090817356206"";s:5:""title"";s:0:"""";s:11:""orientation"";i:1;s:8:""keywords"";a:0:{}}s:14:""original_image"";s:13:""IMG_9749.jpeg"";}"
"1815","497","_wp_attached_file","2025/10/1000012608-scaled.jpg"
"1816","497","_wp_attachment_metadata","a:7:{s:5:""width"";i:1917;s:6:""height"";i:2560;s:4:""file"";s:29:""2025/10/1000012608-scaled.jpg"";s:8:""filesize"";i:454862;s:5:""sizes"";a:6:{s:6:""medium"";a:5:{s:4:""file"";s:22:""1000012608-225x300.jpg"";s:5:""width"";i:225;s:6:""height"";i:300;s:9:""mime-type"";s:10:""image/jpeg"";s:8:""filesize"";i:13094;}s:5:""large"";a:5:{s:4:""file"";s:23:""1000012608-767x1024.jpg"";s:5:""width"";i:767;s:6:""height"";i:1024;s:9:""mime-type"";s:10:""image/jpeg"";s:8:""filesize"";i:95464;}s:9:""thumbnail"";a:5:{s:4:""file"";s:22:""1000012608-150x150.jpg"";s:5:""width"";i:150;s:6:""height"";i:150;s:9:""mime-type"";s:10:""image/jpeg"";s:8:""filesize"";i:6179;}s:12:""medium_large"";a:5:{s:4:""file"";s:23:""1000012608-768x1025.jpg"";s:5:""width"";i:768;s:6:""height"";i:1025;s:9:""mime-type"";s:10:""image/jpeg"";s:8:""filesize"";i:96445;}s:9:""1536x1536"";a:5:{s:4:""file"";s:24:""1000012608-1150x1536.jpg"";s:5:""width"";i:1150;s:6:""height"";i:1536;s:9:""mime-type"";s:10:""image/jpeg"";s:8:""filesize"";i:192348;}s:9:""2048x2048"";a:5:{s:4:""file"";s:24:""1000012608-1534x2048.jpg"";s:5:""width"";i:1534;s:6:""height"";i:2048;s:9:""mime-type"";s:10:""image/jpeg"";s:8:""filesize"";i:313390;}}s:10:""image_meta"";a:12:{s:8:""aperture"";s:3:""2.4"";s:6:""credit"";s:0:"""";s:6:""camera"";s:7:""REA-NX9"";s:7:""caption"";s:0:"""";s:17:""created_timestamp"";s:10:""1758361339"";s:9:""copyright"";s:0:"""";s:12:""focal_length"";s:4:""2.66"";s:3:""iso"";s:2:""50"";s:13:""shutter_speed"";s:5:""0.005"";s:5:""title"";s:0:"""";s:11:""orientation"";s:1:""1"";s:8:""keywords"";a:0:{}}s:14:""original_image"";s:14:""1000012608.jpg"";}"
"1817","498","_wp_attached_file","2025/10/1000028282.jpg"
"1818","498","_wp_attachment_metadata","a:6:{s:5:""width"";i:773;s:6:""height"";i:1374;s:4:""file"";s:22:""2025/10/1000028282.jpg"";s:8:""filesize"";i:168680;s:5:""sizes"";a:4:{s:6:""medium"";a:5:{s:4:""file"";s:22:""1000028282-169x300.jpg"";s:5:""width"";i:169;s:6:""height"";i:300;s:9:""mime-type"";s:10:""image/jpeg"";s:8:""filesize"";i:8066;}s:5:""large"";a:5:{s:4:""file"";s:23:""1000028282-576x1024.jpg"";s:5:""width"";i:576;s:6:""height"";i:1024;s:9:""mime-type"";s:10:""image/jpeg"";s:8:""filesize"";i:48883;}s:9:""thumbnail"";a:5:{s:4:""file"";s:22:""1000028282-150x150.jpg"";s:5:""width"";i:150;s:6:""height"";i:150;s:9:""mime-type"";s:10:""image/jpeg"";s:8:""filesize"";i:4855;}s:12:""medium_large"";a:5:{s:4:""file"";s:23:""1000028282-768x1365.jpg"";s:5:""width"";i:768;s:6:""height"";i:1365;s:9:""mime-type"";s:10:""image/jpeg"";s:8:""filesize"";i:76034;}}s:10:""image_meta"";a:12:{s:8:""aperture"";s:1:""0"";s:6:""credit"";s:0:"""";s:6:""camera"";s:0:"""";s:7:""caption"";s:0:"""";s:17:""created_timestamp"";s:1:""0"";s:9:""copyright"";s:0:"""";s:12:""focal_length"";s:1:""0"";s:3:""iso"";s:1:""0"";s:13:""shutter_speed"";s:1:""0"";s:5:""title"";s:0:"""";s:11:""orientation"";s:1:""1"";s:8:""keywords"";a:0:{}}}"
"1819","499","_wp_attached_file","2025/10/36b147f9b35e4319389c14e3eee8821c.jpeg"
"1820","499","_wp_attachment_metadata","a:6:{s:5:""width"";i:750;s:6:""height"";i:1125;s:4:""file"";s:45:""2025/10/36b147f9b35e4319389c14e3eee8821c.jpeg"";s:8:""filesize"";i:39662;s:5:""sizes"";a:3:{s:6:""medium"";a:5:{s:4:""file"";s:45:""36b147f9b35e4319389c14e3eee8821c-200x300.jpeg"";s:5:""width"";i:200;s:6:""height"";i:300;s:9:""mime-type"";s:10:""image/jpeg"";s:8:""filesize"";i:8356;}s:5:""large"";a:5:{s:4:""file"";s:46:""36b147f9b35e4319389c14e3eee8821c-683x1024.jpeg"";s:5:""width"";i:683;s:6:""height"";i:1024;s:9:""mime-type"";s:10:""image/jpeg"";s:8:""filesize"";i:54139;}s:9:""thumbnail"";a:5:{s:4:""file"";s:45:""36b147f9b35e4319389c14e3eee8821c-150x150.jpeg"";s:5:""width"";i:150;s:6:""height"";i:150;s:9:""mime-type"";s:10:""image/jpeg"";s:8:""filesize"";i:4055;}}s:10:""image_meta"";a:12:{s:8:""aperture"";s:1:""0"";s:6:""credit"";s:0:"""";s:6:""camera"";s:0:"""";s:7:""caption"";s:0:"""";s:17:""created_timestamp"";s:1:""0"";s:9:""copyright"";s:0:"""";s:12:""focal_length"";s:1:""0"";s:3:""iso"";s:1:""0"";s:13:""shutter_speed"";s:1:""0"";s:5:""title"";s:0:"""";s:11:""orientation"";s:1:""0"";s:8:""keywords"";a:0:{}}}"
"1839","504","_wp_attached_file","2025/10/SM_kep.jpg"
"1840","504","_wp_attachment_metadata","a:6:{s:5:""width"";i:533;s:6:""height"";i:536;s:4:""file"";s:18:""2025/10/SM_kep.jpg"";s:8:""filesize"";i:73408;s:5:""sizes"";a:2:{s:6:""medium"";a:5:{s:4:""file"";s:18:""SM_kep-298x300.jpg"";s:5:""width"";i:298;s:6:""height"";i:300;s:9:""mime-type"";s:10:""image/jpeg"";s:8:""filesize"";i:14086;}s:9:""thumbnail"";a:5:{s:4:""file"";s:18:""SM_kep-150x150.jpg"";s:5:""width"";i:150;s:6:""height"";i:150;s:9:""mime-type"";s:10:""image/jpeg"";s:8:""filesize"";i:4722;}}s:10:""image_meta"";a:12:{s:8:""aperture"";s:1:""0"";s:6:""credit"";s:0:"""";s:6:""camera"";s:0:"""";s:7:""caption"";s:0:"""";s:17:""created_timestamp"";s:1:""0"";s:9:""copyright"";s:0:"""";s:12:""focal_length"";s:1:""0"";s:3:""iso"";s:1:""0"";s:13:""shutter_speed"";s:1:""0"";s:5:""title"";s:0:"""";s:11:""orientation"";s:1:""0"";s:8:""keywords"";a:0:{}}}"
"1845","506","_wp_attached_file","2025/10/IMG_9939-scaled.jpeg"
"1846","506","_wp_attachment_metadata","a:7:{s:5:""width"";i:1705;s:6:""height"";i:2560;s:4:""file"";s:28:""2025/10/IMG_9939-scaled.jpeg"";s:8:""filesize"";i:428443;s:5:""sizes"";a:6:{s:6:""medium"";a:5:{s:4:""file"";s:21:""IMG_9939-200x300.jpeg"";s:5:""width"";i:200;s:6:""height"";i:300;s:9:""mime-type"";s:10:""image/jpeg"";s:8:""filesize"";i:30358;}s:5:""large"";a:5:{s:4:""file"";s:22:""IMG_9939-682x1024.jpeg"";s:5:""width"";i:682;s:6:""height"";i:1024;s:9:""mime-type"";s:10:""image/jpeg"";s:8:""filesize"";i:124854;}s:9:""thumbnail"";a:5:{s:4:""file"";s:21:""IMG_9939-150x150.jpeg"";s:5:""width"";i:150;s:6:""height"";i:150;s:9:""mime-type"";s:10:""image/jpeg"";s:8:""filesize"";i:20387;}s:12:""medium_large"";a:5:{s:4:""file"";s:22:""IMG_9939-768x1153.jpeg"";s:5:""width"";i:768;s:6:""height"";i:1153;s:9:""mime-type"";s:10:""image/jpeg"";s:8:""filesize"";i:144638;}s:9:""1536x1536"";a:5:{s:4:""file"";s:23:""IMG_9939-1023x1536.jpeg"";s:5:""width"";i:1023;s:6:""height"";i:1536;s:9:""mime-type"";s:10:""image/jpeg"";s:8:""filesize"";i:210689;}s:9:""2048x2048"";a:5:{s:4:""file"";s:23:""IMG_9939-1364x2048.jpeg"";s:5:""width"";i:1364;s:6:""height"";i:2048;s:9:""mime-type"";s:10:""image/jpeg"";s:8:""filesize"";i:312213;}}s:10:""image_meta"";a:12:{s:8:""aperture"";s:1:""0"";s:6:""credit"";s:0:"""";s:6:""camera"";s:0:"""";s:7:""caption"";s:0:"""";s:17:""created_timestamp"";s:1:""0"";s:9:""copyright"";s:0:"""";s:12:""focal_length"";s:1:""0"";s:3:""iso"";s:1:""0"";s:13:""shutter_speed"";s:1:""0"";s:5:""title"";s:0:"""";s:11:""orientation"";s:1:""1"";s:8:""keywords"";a:0:{}}s:14:""original_image"";s:13:""IMG_9939.jpeg"";}"
"1873","513","_wp_attached_file","2025/10/0289b90e-95f2-465e-8438-e72786bc65f0-1_all_231.jpg"
"1874","513","_wp_attachment_metadata","a:6:{s:5:""width"";i:480;s:6:""height"";i:853;s:4:""file"";s:58:""2025/10/0289b90e-95f2-465e-8438-e72786bc65f0-1_all_231.jpg"";s:8:""filesize"";i:33095;s:5:""sizes"";a:2:{s:6:""medium"";a:5:{s:4:""file"";s:58:""0289b90e-95f2-465e-8438-e72786bc65f0-1_all_231-169x300.jpg"";s:5:""width"";i:169;s:6:""height"";i:300;s:9:""mime-type"";s:10:""image/jpeg"";s:8:""filesize"";i:9808;}s:9:""thumbnail"";a:5:{s:4:""file"";s:58:""0289b90e-95f2-465e-8438-e72786bc65f0-1_all_231-150x150.jpg"";s:5:""width"";i:150;s:6:""height"";i:150;s:9:""mime-type"";s:10:""image/jpeg"";s:8:""filesize"";i:5237;}}s:10:""image_meta"";a:12:{s:8:""aperture"";s:1:""0"";s:6:""credit"";s:0:"""";s:6:""camera"";s:0:"""";s:7:""caption"";s:0:"""";s:17:""created_timestamp"";s:1:""0"";s:9:""copyright"";s:0:"""";s:12:""focal_length"";s:1:""0"";s:3:""iso"";s:1:""0"";s:13:""shutter_speed"";s:1:""0"";s:5:""title"";s:0:"""";s:11:""orientation"";s:1:""0"";s:8:""keywords"";a:0:{}}}"
"1875","492","_edit_lock","1761853845:79"
"1876","428","_edit_lock","1761853930:79"
"1933","528","substitution_date","2026-01-03"
"1934","528","substitution_role","Gyógyszerész"
"1935","528","substitution_requirements","PatikaPlus Gyógyszertárba Ceglédre keresek gyógyszerészt, Novodata rendszerrel dolgozunk. EFO bejelentéssel hétköznap 5000/ óra, hétvégén 6500/ óra. Kis patika vagyunk."
"1936","528","_request_author_id","304"
"1969","528","applicants","a:2:{i:0;i:338;i:1;i:285;}"
"1971","535","_wp_attached_file","2025/11/IMG_1143.jpeg"
"1972","535","_wp_attachment_metadata","a:6:{s:5:""width"";i:1560;s:6:""height"";i:2505;s:4:""file"";s:21:""2025/11/IMG_1143.jpeg"";s:8:""filesize"";i:854750;s:5:""sizes"";a:6:{s:6:""medium"";a:5:{s:4:""file"";s:21:""IMG_1143-187x300.jpeg"";s:5:""width"";i:187;s:6:""height"";i:300;s:9:""mime-type"";s:10:""image/jpeg"";s:8:""filesize"";i:7493;}s:5:""large"";a:5:{s:4:""file"";s:22:""IMG_1143-638x1024.jpeg"";s:5:""width"";i:638;s:6:""height"";i:1024;s:9:""mime-type"";s:10:""image/jpeg"";s:8:""filesize"";i:59061;}s:9:""thumbnail"";a:5:{s:4:""file"";s:21:""IMG_1143-150x150.jpeg"";s:5:""width"";i:150;s:6:""height"";i:150;s:9:""mime-type"";s:10:""image/jpeg"";s:8:""filesize"";i:4874;}s:12:""medium_large"";a:5:{s:4:""file"";s:22:""IMG_1143-768x1233.jpeg"";s:5:""width"";i:768;s:6:""height"";i:1233;s:9:""mime-type"";s:10:""image/jpeg"";s:8:""filesize"";i:91476;}s:9:""1536x1536"";a:5:{s:4:""file"";s:22:""IMG_1143-957x1536.jpeg"";s:5:""width"";i:957;s:6:""height"";i:1536;s:9:""mime-type"";s:10:""image/jpeg"";s:8:""filesize"";i:150305;}s:9:""2048x2048"";a:5:{s:4:""file"";s:23:""IMG_1143-1275x2048.jpeg"";s:5:""width"";i:1275;s:6:""height"";i:2048;s:9:""mime-type"";s:10:""image/jpeg"";s:8:""filesize"";i:269778;}}s:10:""image_meta"";a:12:{s:8:""aperture"";s:3:""1.9"";s:6:""credit"";s:0:"""";s:6:""camera"";s:13:""iPhone 15 Pro"";s:7:""caption"";s:0:"""";s:17:""created_timestamp"";s:1:""0"";s:9:""copyright"";s:0:"""";s:12:""focal_length"";s:15:""2.6900000572505"";s:3:""iso"";s:3:""400"";s:13:""shutter_speed"";s:17:""0.033333333333333"";s:5:""title"";s:0:"""";s:11:""orientation"";s:1:""1"";s:8:""keywords"";a:0:{}}}"
"1973","528","confirmed_applicant","285"
"1974","536","_wp_attached_file","2025/11/1000026164.jpg"
"1975","536","_wp_attachment_metadata","a:6:{s:5:""width"";i:931;s:6:""height"";i:1920;s:4:""file"";s:22:""2025/11/1000026164.jpg"";s:8:""filesize"";i:66653;s:5:""sizes"";a:5:{s:6:""medium"";a:5:{s:4:""file"";s:22:""1000026164-145x300.jpg"";s:5:""width"";i:145;s:6:""height"";i:300;s:9:""mime-type"";s:10:""image/jpeg"";s:8:""filesize"";i:8925;}s:5:""large"";a:5:{s:4:""file"";s:23:""1000026164-497x1024.jpg"";s:5:""width"";i:497;s:6:""height"";i:1024;s:9:""mime-type"";s:10:""image/jpeg"";s:8:""filesize"";i:59551;}s:9:""thumbnail"";a:5:{s:4:""file"";s:22:""1000026164-150x150.jpg"";s:5:""width"";i:150;s:6:""height"";i:150;s:9:""mime-type"";s:10:""image/jpeg"";s:8:""filesize"";i:4393;}s:12:""medium_large"";a:5:{s:4:""file"";s:23:""1000026164-768x1584.jpg"";s:5:""width"";i:768;s:6:""height"";i:1584;s:9:""mime-type"";s:10:""image/jpeg"";s:8:""filesize"";i:114762;}s:9:""1536x1536"";a:5:{s:4:""file"";s:23:""1000026164-745x1536.jpg"";s:5:""width"";i:745;s:6:""height"";i:1536;s:9:""mime-type"";s:10:""image/jpeg"";s:8:""filesize"";i:109604;}}s:10:""image_meta"";a:12:{s:8:""aperture"";s:1:""0"";s:6:""credit"";s:0:"""";s:6:""camera"";s:0:"""";s:7:""caption"";s:0:"""";s:17:""created_timestamp"";s:1:""0"";s:9:""copyright"";s:0:"""";s:12:""focal_length"";s:1:""0"";s:3:""iso"";s:1:""0"";s:13:""shutter_speed"";s:1:""0"";s:5:""title"";s:0:"""";s:11:""orientation"";s:1:""0"";s:8:""keywords"";a:0:{}}}"
"1984","539","substitution_date","2026-02-23"
"1985","539","substitution_role","Gyógyszerész"
"1986","539","substitution_requirements","Gyógyír program,  9:00-13:00"
"1987","539","_request_author_id","358"
"1988","540","_wp_attached_file","2025/11/inbound3560871624593669052.jpg"
"1989","540","_wp_attachment_metadata","a:6:{s:5:""width"";i:942;s:6:""height"";i:1920;s:4:""file"";s:38:""2025/11/inbound3560871624593669052.jpg"";s:8:""filesize"";i:121406;s:5:""sizes"";a:5:{s:6:""medium"";a:5:{s:4:""file"";s:38:""inbound3560871624593669052-147x300.jpg"";s:5:""width"";i:147;s:6:""height"";i:300;s:9:""mime-type"";s:10:""image/jpeg"";s:8:""filesize"";i:10059;}s:5:""large"";a:5:{s:4:""file"";s:39:""inbound3560871624593669052-502x1024.jpg"";s:5:""width"";i:502;s:6:""height"";i:1024;s:9:""mime-type"";s:10:""image/jpeg"";s:8:""filesize"";i:70675;}s:9:""thumbnail"";a:5:{s:4:""file"";s:38:""inbound3560871624593669052-150x150.jpg"";s:5:""width"";i:150;s:6:""height"";i:150;s:9:""mime-type"";s:10:""image/jpeg"";s:8:""filesize"";i:5682;}s:12:""medium_large"";a:5:{s:4:""file"";s:39:""inbound3560871624593669052-768x1565.jpg"";s:5:""width"";i:768;s:6:""height"";i:1565;s:9:""mime-type"";s:10:""image/jpeg"";s:8:""filesize"";i:134029;}s:9:""1536x1536"";a:5:{s:4:""file"";s:39:""inbound3560871624593669052-754x1536.jpg"";s:5:""width"";i:754;s:6:""height"";i:1536;s:9:""mime-type"";s:10:""image/jpeg"";s:8:""filesize"";i:130361;}}s:10:""image_meta"";a:12:{s:8:""aperture"";s:1:""0"";s:6:""credit"";s:0:"""";s:6:""camera"";s:0:"""";s:7:""caption"";s:0:"""";s:17:""created_timestamp"";s:1:""0"";s:9:""copyright"";s:0:"""";s:12:""focal_length"";s:1:""0"";s:3:""iso"";s:1:""0"";s:13:""shutter_speed"";s:1:""0"";s:5:""title"";s:0:"""";s:11:""orientation"";s:1:""0"";s:8:""keywords"";a:0:{}}}"
"1992","541","sender_id","356"
"1993","541","recipient_id","359"
"1994","541","_request_id","537"
"1995","541","_is_read","1"
"1996","542","sender_id","359"
"1997","542","recipient_id","356"
"1998","542","_request_id","537"
"1999","542","_is_read","1"
"2000","543","sender_id","356"
"2001","543","recipient_id","359"
"2002","543","_request_id","537"
"2003","543","_is_read","1"
"2004","544","sender_id","359"
"2005","544","recipient_id","356"
"2006","544","_request_id","537"
"2007","544","_is_read","0"
"2015","539","applicants","a:2:{i:0;i:391;i:1;i:622;}"
"2187","583","substitution_date","2026-01-06"
"2188","583","substitution_role","Gyógyszerész"
"2189","583","substitution_requirements","Lxline program ismerete szükséges
munkaidő: 20-8-ig"
"2190","583","_request_author_id","458"
"2191","584","substitution_date","2026-01-07"
"2192","584","substitution_role","Gyógyszerész"
"2193","584","substitution_requirements","Lxline program ismerete szükséges
munkaidő: 20-8-ig"
"2194","584","_request_author_id","458"
"2199","586","substitution_date","2026-01-11"
"2200","586","substitution_role","Gyógyszerész"
"2201","586","substitution_requirements","Lxline program ismerete szükséges
munkaidő: 8-20-ig"
"2202","586","_request_author_id","458"
"2215","586","applicants","a:2:{i:0;i:385;i:1;i:186;}"
"2216","586","confirmed_applicant","385"
"2225","592","_wp_attached_file","2025/12/IMG_2491.jpeg"
"2226","592","_wp_attachment_metadata","a:6:{s:5:""width"";i:848;s:6:""height"";i:1131;s:4:""file"";s:21:""2025/12/IMG_2491.jpeg"";s:8:""filesize"";i:229756;s:5:""sizes"";a:4:{s:6:""medium"";a:5:{s:4:""file"";s:21:""IMG_2491-225x300.jpeg"";s:5:""width"";i:225;s:6:""height"";i:300;s:9:""mime-type"";s:10:""image/jpeg"";s:8:""filesize"";i:11865;}s:5:""large"";a:5:{s:4:""file"";s:22:""IMG_2491-768x1024.jpeg"";s:5:""width"";i:768;s:6:""height"";i:1024;s:9:""mime-type"";s:10:""image/jpeg"";s:8:""filesize"";i:85883;}s:9:""thumbnail"";a:5:{s:4:""file"";s:21:""IMG_2491-150x150.jpeg"";s:5:""width"";i:150;s:6:""height"";i:150;s:9:""mime-type"";s:10:""image/jpeg"";s:8:""filesize"";i:5586;}s:12:""medium_large"";a:5:{s:4:""file"";s:22:""IMG_2491-768x1024.jpeg"";s:5:""width"";i:768;s:6:""height"";i:1024;s:9:""mime-type"";s:10:""image/jpeg"";s:8:""filesize"";i:85883;}}s:10:""image_meta"";a:12:{s:8:""aperture"";s:1:""0"";s:6:""credit"";s:0:"""";s:6:""camera"";s:0:"""";s:7:""caption"";s:0:"""";s:17:""created_timestamp"";s:1:""0"";s:9:""copyright"";s:0:"""";s:12:""focal_length"";s:1:""0"";s:3:""iso"";s:1:""0"";s:13:""shutter_speed"";s:1:""0"";s:5:""title"";s:0:"""";s:11:""orientation"";s:1:""1"";s:8:""keywords"";a:0:{}}}"
"2228","593","_wp_attached_file","2025/12/2a77f1a6f93e3fd512c4868b8441105f-scaled.jpeg"
"2229","593","_wp_attachment_metadata","a:7:{s:5:""width"";i:2560;s:6:""height"";i:1707;s:4:""file"";s:52:""2025/12/2a77f1a6f93e3fd512c4868b8441105f-scaled.jpeg"";s:8:""filesize"";i:633388;s:5:""sizes"";a:6:{s:6:""medium"";a:5:{s:4:""file"";s:45:""2a77f1a6f93e3fd512c4868b8441105f-300x200.jpeg"";s:5:""width"";i:300;s:6:""height"";i:200;s:9:""mime-type"";s:10:""image/jpeg"";s:8:""filesize"";i:15410;}s:5:""large"";a:5:{s:4:""file"";s:46:""2a77f1a6f93e3fd512c4868b8441105f-1024x683.jpeg"";s:5:""width"";i:1024;s:6:""height"";i:683;s:9:""mime-type"";s:10:""image/jpeg"";s:8:""filesize"";i:117646;}s:9:""thumbnail"";a:5:{s:4:""file"";s:45:""2a77f1a6f93e3fd512c4868b8441105f-150x150.jpeg"";s:5:""width"";i:150;s:6:""height"";i:150;s:9:""mime-type"";s:10:""image/jpeg"";s:8:""filesize"";i:6951;}s:12:""medium_large"";a:5:{s:4:""file"";s:45:""2a77f1a6f93e3fd512c4868b8441105f-768x512.jpeg"";s:5:""width"";i:768;s:6:""height"";i:512;s:9:""mime-type"";s:10:""image/jpeg"";s:8:""filesize"";i:70830;}s:9:""1536x1536"";a:5:{s:4:""file"";s:47:""2a77f1a6f93e3fd512c4868b8441105f-1536x1024.jpeg"";s:5:""width"";i:1536;s:6:""height"";i:1024;s:9:""mime-type"";s:10:""image/jpeg"";s:8:""filesize"";i:245038;}s:9:""2048x2048"";a:5:{s:4:""file"";s:47:""2a77f1a6f93e3fd512c4868b8441105f-2048x1366.jpeg"";s:5:""width"";i:2048;s:6:""height"";i:1366;s:9:""mime-type"";s:10:""image/jpeg"";s:8:""filesize"";i:415969;}}s:10:""image_meta"";a:12:{s:8:""aperture"";s:1:""0"";s:6:""credit"";s:6:""PM REC"";s:6:""camera"";s:0:"""";s:7:""caption"";s:0:"""";s:17:""created_timestamp"";s:1:""0"";s:9:""copyright"";s:0:"""";s:12:""focal_length"";s:1:""0"";s:3:""iso"";s:1:""0"";s:13:""shutter_speed"";s:1:""0"";s:5:""title"";s:0:"""";s:11:""orientation"";s:1:""0"";s:8:""keywords"";a:0:{}}s:14:""original_image"";s:37:""2a77f1a6f93e3fd512c4868b8441105f.jpeg"";}"
"2235","583","applicants","a:0:{}"
"2236","584","applicants","a:0:{}"
"2240","595","sender_id","458"
"2241","595","recipient_id","474"
"2242","595","_request_id","585"
"2243","595","_is_read","1"
"2244","584","_rejected_applicants","a:2:{i:0;i:338;i:1;i:391;}"
"2245","583","_rejected_applicants","a:2:{i:0;i:338;i:1;i:391;}"
"2247","596","sender_id","474"
"2248","596","recipient_id","458"
"2249","596","_request_id","585"
"2250","596","_is_read","1"
"2251","597","_wp_attached_file","2025/12/Foldvari-Csaba00137-masolat_Original-scaled.jpeg"
"2252","597","_wp_attachment_metadata","a:7:{s:5:""width"";i:1706;s:6:""height"";i:2560;s:4:""file"";s:56:""2025/12/Foldvari-Csaba00137-masolat_Original-scaled.jpeg"";s:8:""filesize"";i:376359;s:5:""sizes"";a:6:{s:6:""medium"";a:5:{s:4:""file"";s:49:""Foldvari-Csaba00137-masolat_Original-200x300.jpeg"";s:5:""width"";i:200;s:6:""height"";i:300;s:9:""mime-type"";s:10:""image/jpeg"";s:8:""filesize"";i:24738;}s:5:""large"";a:5:{s:4:""file"";s:50:""Foldvari-Csaba00137-masolat_Original-683x1024.jpeg"";s:5:""width"";i:683;s:6:""height"";i:1024;s:9:""mime-type"";s:10:""image/jpeg"";s:8:""filesize"";i:70635;}s:9:""thumbnail"";a:5:{s:4:""file"";s:49:""Foldvari-Csaba00137-masolat_Original-150x150.jpeg"";s:5:""width"";i:150;s:6:""height"";i:150;s:9:""mime-type"";s:10:""image/jpeg"";s:8:""filesize"";i:21301;}s:12:""medium_large"";a:5:{s:4:""file"";s:50:""Foldvari-Csaba00137-masolat_Original-768x1152.jpeg"";s:5:""width"";i:768;s:6:""height"";i:1152;s:9:""mime-type"";s:10:""image/jpeg"";s:8:""filesize"";i:83633;}s:9:""1536x1536"";a:5:{s:4:""file"";s:51:""Foldvari-Csaba00137-masolat_Original-1024x1536.jpeg"";s:5:""width"";i:1024;s:6:""height"";i:1536;s:9:""mime-type"";s:10:""image/jpeg"";s:8:""filesize"";i:135628;}s:9:""2048x2048"";a:5:{s:4:""file"";s:51:""Foldvari-Csaba00137-masolat_Original-1365x2048.jpeg"";s:5:""width"";i:1365;s:6:""height"";i:2048;s:9:""mime-type"";s:10:""image/jpeg"";s:8:""filesize"";i:235794;}}s:10:""image_meta"";a:12:{s:8:""aperture"";s:3:""5.6"";s:6:""credit"";s:10:""KUTI GERGO"";s:6:""camera"";s:14:""Canon EOS R6m2"";s:7:""caption"";s:0:"""";s:17:""created_timestamp"";s:10:""1745589574"";s:9:""copyright"";s:10:""KUTI GERGO"";s:12:""focal_length"";s:3:""135"";s:3:""iso"";s:3:""400"";s:13:""shutter_speed"";s:5:""0.005"";s:5:""title"";s:0:"""";s:11:""orientation"";s:1:""1"";s:8:""keywords"";a:0:{}}s:14:""original_image"";s:41:""Foldvari-Csaba00137-masolat_Original.jpeg"";}"
"2262","598","_wp_attached_file","2025/12/ed71ce23-9386-4b1a-8383-8d706aca753f-1_all_3702.jpg"
"2263","598","_wp_attachment_metadata","a:6:{s:5:""width"";i:1068;s:6:""height"";i:901;s:4:""file"";s:59:""2025/12/ed71ce23-9386-4b1a-8383-8d706aca753f-1_all_3702.jpg"";s:8:""filesize"";i:244395;s:5:""sizes"";a:4:{s:6:""medium"";a:5:{s:4:""file"";s:59:""ed71ce23-9386-4b1a-8383-8d706aca753f-1_all_3702-300x253.jpg"";s:5:""width"";i:300;s:6:""height"";i:253;s:9:""mime-type"";s:10:""image/jpeg"";s:8:""filesize"";i:17879;}s:5:""large"";a:5:{s:4:""file"";s:60:""ed71ce23-9386-4b1a-8383-8d706aca753f-1_all_3702-1024x864.jpg"";s:5:""width"";i:1024;s:6:""height"";i:864;s:9:""mime-type"";s:10:""image/jpeg"";s:8:""filesize"";i:120895;}s:9:""thumbnail"";a:5:{s:4:""file"";s:59:""ed71ce23-9386-4b1a-8383-8d706aca753f-1_all_3702-150x150.jpg"";s:5:""width"";i:150;s:6:""height"";i:150;s:9:""mime-type"";s:10:""image/jpeg"";s:8:""filesize"";i:6887;}s:12:""medium_large"";a:5:{s:4:""file"";s:59:""ed71ce23-9386-4b1a-8383-8d706aca753f-1_all_3702-768x648.jpg"";s:5:""width"";i:768;s:6:""height"";i:648;s:9:""mime-type"";s:10:""image/jpeg"";s:8:""filesize"";i:78833;}}s:10:""image_meta"";a:12:{s:8:""aperture"";s:3:""1.8"";s:6:""credit"";s:0:"""";s:6:""camera"";s:10:""Galaxy A06"";s:7:""caption"";s:0:"""";s:17:""created_timestamp"";s:10:""1759511677"";s:9:""copyright"";s:0:"""";s:12:""focal_length"";s:4:""3.98"";s:3:""iso"";s:2:""32"";s:13:""shutter_speed"";s:6:""0.0299"";s:5:""title"";s:0:"""";s:11:""orientation"";s:1:""1"";s:8:""keywords"";a:0:{}}}"
"2281","603","substitution_date","2026-01-05"
"2282","603","substitution_role","Szakasszisztens"
"2283","603","substitution_requirements","LX-Line ismeret, minimum napi 8 óra. 8-17 óráig.
Székesfehérvár Országalma Gyógyszertár BENU"
"2284","603","_request_author_id","260"
"2285","604","substitution_date","2026-01-06"
"2286","604","substitution_role","Szakasszisztens"
"2287","604","substitution_requirements","LX-Line ismeret, minimum napi 8 óra. 8-17 óráig.
Székesfehérvár Országalma gyógyszertár BENU"
"2288","604","_request_author_id","260"
"2293","603","applicants","a:2:{i:0;i:111;i:1;i:353;}"
"2294","604","applicants","a:2:{i:0;i:111;i:1;i:353;}"
"2295","606","sender_id","474"
"2296","606","recipient_id","447"
"2297","606","_request_id","567"
"2298","606","_is_read","1"
"2299","607","sender_id","447"
"2300","607","recipient_id","474"
"2301","607","_request_id","567"
"2302","607","_is_read","1"
"2313","610","sender_id","111"
"2314","610","recipient_id","260"
"2315","610","_request_id","603"
"2316","610","_is_read","1"
"2347","616","_wp_attached_file","2025/12/IMG_8775-scaled.jpeg"
"2348","616","_wp_attachment_metadata","a:7:{s:5:""width"";i:1920;s:6:""height"";i:2560;s:4:""file"";s:28:""2025/12/IMG_8775-scaled.jpeg"";s:8:""filesize"";i:547530;s:5:""sizes"";a:6:{s:6:""medium"";a:5:{s:4:""file"";s:21:""IMG_8775-225x300.jpeg"";s:5:""width"";i:225;s:6:""height"";i:300;s:9:""mime-type"";s:10:""image/jpeg"";s:8:""filesize"";i:29543;}s:5:""large"";a:5:{s:4:""file"";s:22:""IMG_8775-768x1024.jpeg"";s:5:""width"";i:768;s:6:""height"";i:1024;s:9:""mime-type"";s:10:""image/jpeg"";s:8:""filesize"";i:111513;}s:9:""thumbnail"";a:5:{s:4:""file"";s:21:""IMG_8775-150x150.jpeg"";s:5:""width"";i:150;s:6:""height"";i:150;s:9:""mime-type"";s:10:""image/jpeg"";s:8:""filesize"";i:21294;}s:12:""medium_large"";a:5:{s:4:""file"";s:22:""IMG_8775-768x1024.jpeg"";s:5:""width"";i:768;s:6:""height"";i:1024;s:9:""mime-type"";s:10:""image/jpeg"";s:8:""filesize"";i:111513;}s:9:""1536x1536"";a:5:{s:4:""file"";s:23:""IMG_8775-1152x1536.jpeg"";s:5:""width"";i:1152;s:6:""height"";i:1536;s:9:""mime-type"";s:10:""image/jpeg"";s:8:""filesize"";i:213609;}s:9:""2048x2048"";a:5:{s:4:""file"";s:23:""IMG_8775-1536x2048.jpeg"";s:5:""width"";i:1536;s:6:""height"";i:2048;s:9:""mime-type"";s:10:""image/jpeg"";s:8:""filesize"";i:362310;}}s:10:""image_meta"";a:12:{s:8:""aperture"";s:3:""2.2"";s:6:""credit"";s:0:"""";s:6:""camera"";s:9:""iPhone 13"";s:7:""caption"";s:0:"""";s:17:""created_timestamp"";s:10:""1765452545"";s:9:""copyright"";s:0:"""";s:12:""focal_length"";s:4:""2.71"";s:3:""iso"";s:3:""400"";s:13:""shutter_speed"";s:4:""0.04"";s:5:""title"";s:0:"""";s:11:""orientation"";i:1;s:8:""keywords"";a:0:{}}s:14:""original_image"";s:13:""IMG_8775.jpeg"";}"
"2349","618","substitution_date","2026-12-01"
"2350","618","substitution_role","Gyógyszerész"
"2351","618","substitution_requirements","Admin próba ne jelentkezz"
"2352","618","_request_author_id","507"
"2353","619","sender_id","260"
"2354","619","recipient_id","111"
"2355","619","_request_id","603"
"2356","619","_is_read","1"
"2357","620","sender_id","111"
"2358","620","recipient_id","260"
"2359","620","_request_id","603"
"2360","620","_is_read","1"
"2361","621","substitution_date","2026-01-07"
"2362","621","substitution_role","Szakasszisztens"
"2363","621","substitution_requirements","Lx line programban jártas expediáló szakasszisztenst keresek a székesfehérvári BENU Országalma patikába. Nyitvatartás 8-17 óráig. Elérhetőségünk: orszagalma@benugyogyszertar.hu vagy +36305643800 Köszönöm! Dr Moncz Judit gyógyszertárvezető"
"2364","621","_request_author_id","260"
"2365","622","substitution_date","2026-01-08"
"2366","622","substitution_role","Szakasszisztens"
"2367","622","substitution_requirements","Lx line programban jártas expediáló szakasszisztenst keresek a székesfehérvári BENU Országalma patikába. Nyitvatartás 8-17 óráig. Elérhetőségünk: orszagalma@benugyogyszertar.hu vagy +36305643800 Köszönöm! Dr Moncz Judit gyógyszertárvezető"
"2368","622","_request_author_id","260"
"2369","623","substitution_date","2026-01-09"
"2370","623","substitution_role","Szakasszisztens"
"2371","623","substitution_requirements","Lx line programban jártas expediáló szakasszisztenst keresek a székesfehérvári BENU Országalma patikába. Nyitvatartás 8-17 óráig. Elérhetőségünk: orszagalma@benugyogyszertar.hu vagy +36305643800 Köszönöm! Dr Moncz Judit gyógyszertárvezető"
"2372","623","_request_author_id","260"
"2380","43","_siteseo_readibility_data","a:1:{s:16:""paragraph_length"";i:1;}"
"2381","625","substitution_date","2026-01-05"
"2382","625","substitution_role","Gyógyszerész"
"2383","625","substitution_requirements","Lxline program ismerete szükséges.
Munkaidő: 20-8-ig"
"2384","625","_request_author_id","457"
"2385","626","substitution_date","2026-01-06"
"2386","626","substitution_role","Gyógyszerész"
"2387","626","substitution_requirements","Lxline program ismerete szükséges.
Munkaidő: 20-8-ig"
"2388","626","_request_author_id","457"
"2389","627","substitution_date","2026-01-08"
"2390","627","substitution_role","Gyógyszerész"
"2391","627","substitution_requirements","Lxline program ismerete szükséges.
Munkaidő: 20-8-ig"
"2392","627","_request_author_id","457"
"2393","628","substitution_date","2026-01-09"
"2394","628","substitution_role","Gyógyszerész"
"2395","628","substitution_requirements","Lxline program ismerete szükséges.
Munkaidő: 20-8-ig"
"2396","628","_request_author_id","457"
"2397","629","substitution_date","2026-01-14"
"2398","629","substitution_role","Gyógyszerész"
"2399","629","substitution_requirements","Lxline program ismerete szükséges.
Munkaidő: 20-8-ig"
"2400","629","_request_author_id","457"
"2401","630","substitution_date","2026-01-15"
"2402","630","substitution_role","Gyógyszerész"
"2403","630","substitution_requirements","Lxline program ismerete szükséges.
Munkaidő: 20-8-ig"
"2404","630","_request_author_id","457"
"2405","631","substitution_date","2026-01-19"
"2406","631","substitution_role","Gyógyszerész"
"2407","631","substitution_requirements","Lxline program ismerete szükséges.
Munkaidő: 20-8-ig"
"2408","631","_request_author_id","457"
"2409","632","substitution_date","2026-01-27"
"2410","632","substitution_role","Gyógyszerész"
"2411","632","substitution_requirements","Lxline program ismerete szükséges.
Munkaidő: 20-8-ig"
"2412","632","_request_author_id","457"
"2413","633","substitution_date","2026-01-05"
"2414","633","substitution_role","Gyógyszerész"
"2415","633","substitution_requirements","Lxline program ismerete szükséges.
Munkaidő: 20-8-ig"
"2416","633","_request_author_id","456"
"2417","634","substitution_date","2026-01-06"
"2418","634","substitution_role","Gyógyszerész"
"2419","634","substitution_requirements","Lxline program ismerete szükséges.
Munkaidő: 20-8-ig"
"2420","634","_request_author_id","456"
"2421","635","substitution_date","2026-01-07"
"2422","635","substitution_role","Gyógyszerész"
"2423","635","substitution_requirements","Lxline program ismerete szükséges.
Munkaidő: 20-8-ig"
"2424","635","_request_author_id","456"
"2425","636","substitution_date","2026-01-09"
"2426","636","substitution_role","Gyógyszerész"
"2427","636","substitution_requirements","Lxline program ismerete szükséges.
Munkaidő: 20-8-ig"
"2428","636","_request_author_id","456"
"2429","637","substitution_date","2026-01-12"
"2430","637","substitution_role","Gyógyszerész"
"2431","637","substitution_requirements","Lxline program ismerete szükséges.
Munkaidő: 20-8-ig"
"2432","637","_request_author_id","456"
"2433","638","substitution_date","2026-01-13"
"2434","638","substitution_role","Gyógyszerész"
"2435","638","substitution_requirements","Lxline program ismerete szükséges.
Munkaidő: 20-8-ig"
"2436","638","_request_author_id","456"
"2437","639","substitution_date","2026-01-14"
"2438","639","substitution_role","Gyógyszerész"
"2439","639","substitution_requirements","Lxline program ismerete szükséges.
Munkaidő: 20-8-ig"
"2440","639","_request_author_id","456"
"2441","640","substitution_date","2026-01-19"
"2442","640","substitution_role","Gyógyszerész"
"2443","640","substitution_requirements","Lxline program ismerete szükséges.
Munkaidő: 20-8-ig"
"2444","640","_request_author_id","456"
"2445","641","substitution_date","2026-01-20"
"2446","641","substitution_role","Gyógyszerész"
"2447","641","substitution_requirements","Lxline program ismerete szükséges.
Munkaidő: 20-8-ig"
"2448","641","_request_author_id","456"
"2449","642","substitution_date","2026-01-21"
"2450","642","substitution_role","Gyógyszerész"
"2451","642","substitution_requirements","Lxline program ismerete szükséges.
Munkaidő: 20-8-ig"
"2452","642","_request_author_id","456"
"2453","643","substitution_date","2026-01-24"
"2454","643","substitution_role","Gyógyszerész"
"2455","643","substitution_requirements","Lxline program ismerete szükséges.
Munkaidő: 20-8-ig"
"2456","643","_request_author_id","456"
"2457","644","substitution_date","2026-01-26"
"2458","644","substitution_role","Gyógyszerész"
"2459","644","substitution_requirements","Lxline program ismerete szükséges.
Munkaidő: 20-8-ig"
"2460","644","_request_author_id","456"
"2461","645","substitution_date","2026-01-28"
"2462","645","substitution_role","Gyógyszerész"
"2463","645","substitution_requirements","Lxline program ismerete szükséges.
Munkaidő: 20-8-ig"
"2464","645","_request_author_id","456"
"2505","539","_edit_lock","1766761655:79"
"2506","539","_siteseo_readibility_data","a:2:{s:12:""number_found"";s:3:""23 "";s:16:""paragraph_length"";i:0;}"
"2507","539","_edit_last","79"
"2509","539","_siteseo_redirections_type","301"
"2510","539","_siteseo_redirections_logged_status","both"
"2511","539","site-sidebar-layout","default"
"2513","539","ast-site-content-layout","default"
"2514","539","site-content-style","default"
"2515","539","site-sidebar-style","default"
"2516","539","theme-transparent-header-meta","default"
"2517","539","astra-migrate-meta-layouts","set"
"2530","652","substitution_date","2026-02-01"
"2531","652","substitution_role","Gyógyszerész"
"2532","652","substitution_requirements","-"
"2533","652","_request_author_id","543"
"2534","653","substitution_date","2026-02-22"
"2535","653","substitution_role","Gyógyszerész"
"2536","653","substitution_requirements","-"
"2537","653","_request_author_id","543"
"2538","654","substitution_date","2026-02-01"
"2539","654","substitution_role","Szakasszisztens"
"2540","654","substitution_requirements","-"
"2541","654","_request_author_id","543"
"2542","655","substitution_date","2026-02-22"
"2543","655","substitution_role","Szakasszisztens"
"2544","655","substitution_requirements","-"
"2545","655","_request_author_id","543"
"2546","654","applicants","a:1:{i:0;i:353;}"
"2547","655","applicants","a:2:{i:0;i:353;i:1;i:494;}"
"2554","603","confirmed_applicant","111"
"2555","604","confirmed_applicant","111"
"2556","657","_wp_attached_file","2026/01/20230512_121440-scaled.jpg"
"2557","657","_wp_attachment_metadata","a:7:{s:5:""width"";i:2560;s:6:""height"";i:1920;s:4:""file"";s:34:""2026/01/20230512_121440-scaled.jpg"";s:8:""filesize"";i:391599;s:5:""sizes"";a:6:{s:6:""medium"";a:5:{s:4:""file"";s:27:""20230512_121440-300x225.jpg"";s:5:""width"";i:300;s:6:""height"";i:225;s:9:""mime-type"";s:10:""image/jpeg"";s:8:""filesize"";i:11009;}s:5:""large"";a:5:{s:4:""file"";s:28:""20230512_121440-1024x768.jpg"";s:5:""width"";i:1024;s:6:""height"";i:768;s:9:""mime-type"";s:10:""image/jpeg"";s:8:""filesize"";i:77364;}s:9:""thumbnail"";a:5:{s:4:""file"";s:27:""20230512_121440-150x150.jpg"";s:5:""width"";i:150;s:6:""height"";i:150;s:9:""mime-type"";s:10:""image/jpeg"";s:8:""filesize"";i:6185;}s:12:""medium_large"";a:5:{s:4:""file"";s:27:""20230512_121440-768x576.jpg"";s:5:""width"";i:768;s:6:""height"";i:576;s:9:""mime-type"";s:10:""image/jpeg"";s:8:""filesize"";i:47242;}s:9:""1536x1536"";a:5:{s:4:""file"";s:29:""20230512_121440-1536x1152.jpg"";s:5:""width"";i:1536;s:6:""height"";i:1152;s:9:""mime-type"";s:10:""image/jpeg"";s:8:""filesize"";i:157900;}s:9:""2048x2048"";a:5:{s:4:""file"";s:29:""20230512_121440-2048x1536.jpg"";s:5:""width"";i:2048;s:6:""height"";i:1536;s:9:""mime-type"";s:10:""image/jpeg"";s:8:""filesize"";i:263743;}}s:10:""image_meta"";a:12:{s:8:""aperture"";s:1:""2"";s:6:""credit"";s:0:"""";s:6:""camera"";s:9:""SM-A505FN"";s:7:""caption"";s:0:"""";s:17:""created_timestamp"";s:10:""1683893680"";s:9:""copyright"";s:0:"""";s:12:""focal_length"";s:4:""3.75"";s:3:""iso"";s:3:""160"";s:13:""shutter_speed"";s:4:""0.04"";s:5:""title"";s:0:"""";s:11:""orientation"";s:1:""1"";s:8:""keywords"";a:0:{}}s:14:""original_image"";s:19:""20230512_121440.jpg"";}"
"2558","658","_wp_attached_file","2026/01/1000011919.jpg"
"2559","658","_wp_attachment_metadata","a:6:{s:5:""width"";i:2369;s:6:""height"";i:2418;s:4:""file"";s:22:""2026/01/1000011919.jpg"";s:8:""filesize"";i:1246039;s:5:""sizes"";a:6:{s:6:""medium"";a:5:{s:4:""file"";s:22:""1000011919-294x300.jpg"";s:5:""width"";i:294;s:6:""height"";i:300;s:9:""mime-type"";s:10:""image/jpeg"";s:8:""filesize"";i:16135;}s:5:""large"";a:5:{s:4:""file"";s:24:""1000011919-1003x1024.jpg"";s:5:""width"";i:1003;s:6:""height"";i:1024;s:9:""mime-type"";s:10:""image/jpeg"";s:8:""filesize"";i:112013;}s:9:""thumbnail"";a:5:{s:4:""file"";s:22:""1000011919-150x150.jpg"";s:5:""width"";i:150;s:6:""height"";i:150;s:9:""mime-type"";s:10:""image/jpeg"";s:8:""filesize"";i:6251;}s:12:""medium_large"";a:5:{s:4:""file"";s:22:""1000011919-768x784.jpg"";s:5:""width"";i:768;s:6:""height"";i:784;s:9:""mime-type"";s:10:""image/jpeg"";s:8:""filesize"";i:71083;}s:9:""1536x1536"";a:5:{s:4:""file"";s:24:""1000011919-1505x1536.jpg"";s:5:""width"";i:1505;s:6:""height"";i:1536;s:9:""mime-type"";s:10:""image/jpeg"";s:8:""filesize"";i:238226;}s:9:""2048x2048"";a:5:{s:4:""file"";s:24:""1000011919-2006x2048.jpg"";s:5:""width"";i:2006;s:6:""height"";i:2048;s:9:""mime-type"";s:10:""image/jpeg"";s:8:""filesize"";i:416658;}}s:10:""image_meta"";a:12:{s:8:""aperture"";s:3:""2.2"";s:6:""credit"";s:0:"""";s:6:""camera"";s:13:""Galaxy A54 5G"";s:7:""caption"";s:0:"""";s:17:""created_timestamp"";s:10:""1748986839"";s:9:""copyright"";s:0:"""";s:12:""focal_length"";s:4:""3.72"";s:3:""iso"";s:3:""200"";s:13:""shutter_speed"";s:6:""0.0303"";s:5:""title"";s:0:"""";s:11:""orientation"";s:1:""1"";s:8:""keywords"";a:0:{}}}"
"2560","639","applicants","a:0:{}"
"2561","652","applicants","a:5:{i:0;i:285;i:1;i:394;i:2;i:500;i:3;i:338;i:4;i:274;}"
"2562","653","applicants","a:8:{i:0;i:285;i:1;i:199;i:2;i:394;i:3;i:500;i:4;i:548;i:5;i:373;i:6;i:516;i:7;i:338;}"
"2563","659","_wp_attached_file","2026/01/IMG_7597-scaled.jpeg"
"2564","659","_wp_attachment_metadata","a:7:{s:5:""width"";i:1707;s:6:""height"";i:2560;s:4:""file"";s:28:""2026/01/IMG_7597-scaled.jpeg"";s:8:""filesize"";i:314594;s:5:""sizes"";a:6:{s:6:""medium"";a:5:{s:4:""file"";s:21:""IMG_7597-200x300.jpeg"";s:5:""width"";i:200;s:6:""height"";i:300;s:9:""mime-type"";s:10:""image/jpeg"";s:8:""filesize"";i:21395;}s:5:""large"";a:5:{s:4:""file"";s:22:""IMG_7597-683x1024.jpeg"";s:5:""width"";i:683;s:6:""height"";i:1024;s:9:""mime-type"";s:10:""image/jpeg"";s:8:""filesize"";i:81322;}s:9:""thumbnail"";a:5:{s:4:""file"";s:21:""IMG_7597-150x150.jpeg"";s:5:""width"";i:150;s:6:""height"";i:150;s:9:""mime-type"";s:10:""image/jpeg"";s:8:""filesize"";i:15505;}s:12:""medium_large"";a:5:{s:4:""file"";s:22:""IMG_7597-768x1152.jpeg"";s:5:""width"";i:768;s:6:""height"";i:1152;s:9:""mime-type"";s:10:""image/jpeg"";s:8:""filesize"";i:94974;}s:9:""1536x1536"";a:5:{s:4:""file"";s:23:""IMG_7597-1024x1536.jpeg"";s:5:""width"";i:1024;s:6:""height"";i:1536;s:9:""mime-type"";s:10:""image/jpeg"";s:8:""filesize"";i:143221;}s:9:""2048x2048"";a:5:{s:4:""file"";s:23:""IMG_7597-1365x2048.jpeg"";s:5:""width"";i:1365;s:6:""height"";i:2048;s:9:""mime-type"";s:10:""image/jpeg"";s:8:""filesize"";i:221598;}}s:10:""image_meta"";a:12:{s:8:""aperture"";s:1:""0"";s:6:""credit"";s:0:"""";s:6:""camera"";s:0:"""";s:7:""caption"";s:0:"""";s:17:""created_timestamp"";s:1:""0"";s:9:""copyright"";s:0:"""";s:12:""focal_length"";s:1:""0"";s:3:""iso"";s:1:""0"";s:13:""shutter_speed"";s:1:""0"";s:5:""title"";s:0:"""";s:11:""orientation"";s:1:""1"";s:8:""keywords"";a:0:{}}s:14:""original_image"";s:13:""IMG_7597.jpeg"";}"
"2565","660","substitution_date","2026-01-12"
"2566","660","substitution_role","Szakasszisztens"
"2567","660","substitution_requirements","LX-Line programot ismerő ,rutinos expediáló szakasszisztenst keresek.Nyitvatartás 8-16 óráig
Elérhetőség: orszagalma@benugyogyszertar.hu vagy 06-30-564-3800
dr Moncz Judit gyógyszertárvezető"
"2568","660","_request_author_id","260"
"2569","661","substitution_date","2026-01-13"
"2570","661","substitution_role","Szakasszisztens"
"2571","661","substitution_requirements","LX-Line programot ismerő ,rutinos expediáló szakasszisztenst keresek.Nyitvatartás 8-16 óráig
Elérhetőség: orszagalma@benugyogyszertar.hu vagy 06-30-564-3800
dr Moncz Judit gyógyszertárvezető"
"2572","661","_request_author_id","260"
"2573","662","substitution_date","2026-01-14"
"2574","662","substitution_role","Szakasszisztens"
"2575","662","substitution_requirements","LX-Line programot ismerő ,rutinos expediáló szakasszisztenst keresek.Nyitvatartás 8-16 óráig
Elérhetőség: orszagalma@benugyogyszertar.hu vagy 06-30-564-3800
dr Moncz Judit gyógyszertárvezető"
"2576","662","_request_author_id","260"
"2577","663","substitution_date","2026-01-15"
"2578","663","substitution_role","Szakasszisztens"
"2579","663","substitution_requirements","LX-Line programot ismerő ,rutinos expediáló szakasszisztenst keresek.Nyitvatartás 8-16 óráig
Elérhetőség: orszagalma@benugyogyszertar.hu vagy 06-30-564-3800
dr Moncz Judit gyógyszertárvezető"
"2580","663","_request_author_id","260"
"2581","664","substitution_date","2026-01-16"
"2582","664","substitution_role","Szakasszisztens"
"2583","664","substitution_requirements","LX-Line programot ismerő ,rutinos expediáló szakasszisztenst keresek.Nyitvatartás 8-16 óráig
Elérhetőség: orszagalma@benugyogyszertar.hu vagy 06-30-564-3800
dr Moncz Judit gyógyszertárvezető"
"2584","664","_request_author_id","260"
"2585","633","_wp_trash_meta_status","publish"
"2586","633","_wp_trash_meta_time","1767708296"
"2587","633","_wp_desired_post_slug","helyettesitesi-igeny-feldolgozas-alatt-30"
"2588","625","_wp_trash_meta_status","publish"
"2589","625","_wp_trash_meta_time","1767708317"
"2590","625","_wp_desired_post_slug","helyettesitesi-igeny-feldolgozas-alatt-12"
"2591","634","_wp_trash_meta_status","publish"
"2592","634","_wp_trash_meta_time","1767776299"
"2593","634","_wp_desired_post_slug","helyettesitesi-igeny-feldolgozas-alatt-32"
"2594","626","_wp_trash_meta_status","publish"
"2595","626","_wp_trash_meta_time","1767776305"
"2596","626","_wp_desired_post_slug","helyettesitesi-igeny-feldolgozas-alatt-14"
"2597","604","_wp_trash_meta_status","private"
"2598","604","_wp_trash_meta_time","1767776317"
"2599","604","_wp_desired_post_slug","helyettesitesi-igeny-feldolgozas-alatt-5"
"2600","603","_wp_trash_meta_status","private"
"2601","603","_wp_trash_meta_time","1767776329"
"2602","603","_wp_desired_post_slug","helyettesitesi-igeny-feldolgozas-alatt"
"2603","583","_wp_trash_meta_status","publish"
"2604","583","_wp_trash_meta_time","1767776338"
"2605","583","_wp_desired_post_slug","helyettesitesi-igeny-feldolgozas-alatt-28"
"2606","528","_wp_trash_meta_status","private"
"2607","528","_wp_trash_meta_time","1767776352"
"2608","528","_wp_desired_post_slug","helyettesitesi-igeny-feldolgozas-alatt-23"
"2609","665","_wp_attached_file","2026/01/IMG_3496-scaled.jpeg"
"2610","665","_wp_attachment_metadata","a:7:{s:5:""width"";i:1920;s:6:""height"";i:2560;s:4:""file"";s:28:""2026/01/IMG_3496-scaled.jpeg"";s:8:""filesize"";i:871769;s:5:""sizes"";a:6:{s:6:""medium"";a:5:{s:4:""file"";s:21:""IMG_3496-225x300.jpeg"";s:5:""width"";i:225;s:6:""height"";i:300;s:9:""mime-type"";s:10:""image/jpeg"";s:8:""filesize"";i:34383;}s:5:""large"";a:5:{s:4:""file"";s:22:""IMG_3496-768x1024.jpeg"";s:5:""width"";i:768;s:6:""height"";i:1024;s:9:""mime-type"";s:10:""image/jpeg"";s:8:""filesize"";i:194977;}s:9:""thumbnail"";a:5:{s:4:""file"";s:21:""IMG_3496-150x150.jpeg"";s:5:""width"";i:150;s:6:""height"";i:150;s:9:""mime-type"";s:10:""image/jpeg"";s:8:""filesize"";i:21509;}s:12:""medium_large"";a:5:{s:4:""file"";s:22:""IMG_3496-768x1024.jpeg"";s:5:""width"";i:768;s:6:""height"";i:1024;s:9:""mime-type"";s:10:""image/jpeg"";s:8:""filesize"";i:194977;}s:9:""1536x1536"";a:5:{s:4:""file"";s:23:""IMG_3496-1152x1536.jpeg"";s:5:""width"";i:1152;s:6:""height"";i:1536;s:9:""mime-type"";s:10:""image/jpeg"";s:8:""filesize"";i:375223;}s:9:""2048x2048"";a:5:{s:4:""file"";s:23:""IMG_3496-1536x2048.jpeg"";s:5:""width"";i:1536;s:6:""height"";i:2048;s:9:""mime-type"";s:10:""image/jpeg"";s:8:""filesize"";i:602812;}}s:10:""image_meta"";a:12:{s:8:""aperture"";s:3:""1.5"";s:6:""credit"";s:0:"""";s:6:""camera"";s:9:""iPhone 14"";s:7:""caption"";s:0:"""";s:17:""created_timestamp"";s:10:""1754650862"";s:9:""copyright"";s:0:"""";s:12:""focal_length"";s:3:""5.7"";s:3:""iso"";s:2:""50"";s:13:""shutter_speed"";s:18:""0.0021691973969631"";s:5:""title"";s:0:"""";s:11:""orientation"";s:1:""1"";s:8:""keywords"";a:0:{}}s:14:""original_image"";s:13:""IMG_3496.jpeg"";}"
"2611","635","_wp_trash_meta_status","publish"
"2612","635","_wp_trash_meta_time","1767942830"
"2613","635","_wp_desired_post_slug","helyettesitesi-igeny-feldolgozas-alatt-34"
"2614","627","_wp_trash_meta_status","publish"
"2615","627","_wp_trash_meta_time","1767942846"
"2616","627","_wp_desired_post_slug","helyettesitesi-igeny-feldolgozas-alatt-20"
"2617","622","_wp_trash_meta_status","publish"
"2618","622","_wp_trash_meta_time","1767942856"
"2619","622","_wp_desired_post_slug","helyettesitesi-igeny-feldolgozas-alatt-8"
"2620","621","_wp_trash_meta_status","publish"
"2621","621","_wp_trash_meta_time","1767942864"
"2622","621","_wp_desired_post_slug","helyettesitesi-igeny-feldolgozas-alatt-6"
"2623","584","_wp_trash_meta_status","publish"
"2624","584","_wp_trash_meta_time","1767942872"
"2625","584","_wp_desired_post_slug","helyettesitesi-igeny-feldolgozas-alatt-29"
"2626","636","_wp_trash_meta_status","publish"
"2627","636","_wp_trash_meta_time","1768037355"
"2628","636","_wp_desired_post_slug","helyettesitesi-igeny-feldolgozas-alatt-35"
"2629","628","_wp_trash_meta_status","publish"
"2630","628","_wp_trash_meta_time","1768037370"
"2631","628","_wp_desired_post_slug","helyettesitesi-igeny-feldolgozas-alatt-21"
"2632","623","_wp_trash_meta_status","publish"
"2633","623","_wp_trash_meta_time","1768037383"
"2634","623","_wp_desired_post_slug","helyettesitesi-igeny-feldolgozas-alatt-9"
"2635","666","substitution_date","2026-01-17"
"2636","666","substitution_role","Gyógyszerész"
"2637","666","substitution_requirements","Novodata program ismerete."
"2638","666","_request_author_id","569"
"2639","664","applicants","a:0:{}"
"2640","660","_wp_trash_meta_status","publish"
"2641","660","_wp_trash_meta_time","1768385178"
"2642","660","_wp_desired_post_slug","helyettesitesi-igeny-feldolgozas-alatt-11"
"2643","661","_wp_trash_meta_status","publish"
"2644","661","_wp_trash_meta_time","1768385186"
"2645","661","_wp_desired_post_slug","helyettesitesi-igeny-feldolgozas-alatt-13"
"2646","638","_wp_trash_meta_status","publish"
"2647","638","_wp_trash_meta_time","1768385200"
"2648","638","_wp_desired_post_slug","helyettesitesi-igeny-feldolgozas-alatt-37"
"2649","637","_wp_trash_meta_status","publish"
"2650","637","_wp_trash_meta_time","1768385209"
"2651","637","_wp_desired_post_slug","helyettesitesi-igeny-feldolgozas-alatt-36"
"2652","586","_wp_trash_meta_status","private"
"2653","586","_wp_trash_meta_time","1768385230"
"2654","586","_wp_desired_post_slug","helyettesitesi-igeny-feldolgozas-alatt-31"
"2655","664","_rejected_applicants","a:1:{i:0;i:353;}"
"2656","641","applicants","a:1:{i:0;i:331;}"
"2657","666","applicants","a:0:{}"
"2658","663","_wp_trash_meta_status","publish"
"2659","663","_wp_trash_meta_time","1768546740"
"2660","663","_wp_desired_post_slug","helyettesitesi-igeny-feldolgozas-alatt-16"
"2661","662","_wp_trash_meta_status","publish"
"2662","662","_wp_trash_meta_time","1768546746"
"2663","662","_wp_desired_post_slug","helyettesitesi-igeny-feldolgozas-alatt-15"
"2664","639","_wp_trash_meta_status","publish"
"2665","639","_wp_trash_meta_time","1768546755"
"2666","639","_wp_desired_post_slug","helyettesitesi-igeny-feldolgozas-alatt-38"
"2667","630","_wp_trash_meta_status","publish"
"2668","630","_wp_trash_meta_time","1768546764"
"2669","630","_wp_desired_post_slug","helyettesitesi-igeny-feldolgozas-alatt-24"
"2670","629","_wp_trash_meta_status","publish"
"2671","629","_wp_trash_meta_time","1768546772"
"2672","629","_wp_desired_post_slug","helyettesitesi-igeny-feldolgozas-alatt-22"
"2673","664","_wp_trash_meta_status","publish"
"2674","664","_wp_trash_meta_time","1768685904"
"2675","664","_wp_desired_post_slug","helyettesitesi-igeny-feldolgozas-alatt-17"
"2676","666","_wp_trash_meta_status","publish"
"2677","666","_wp_trash_meta_time","1768729341"
"2678","666","_wp_desired_post_slug","helyettesitesi-igeny-feldolgozas-alatt"
"2679","668","_wp_attached_file","2026/01/A4A5DAC4-25E8-4FBC-AA84-4741F990D8BE.jpeg"
"2680","668","_wp_attachment_metadata","a:6:{s:5:""width"";i:750;s:6:""height"";i:1334;s:4:""file"";s:49:""2026/01/A4A5DAC4-25E8-4FBC-AA84-4741F990D8BE.jpeg"";s:8:""filesize"";i:192477;s:5:""sizes"";a:3:{s:6:""medium"";a:5:{s:4:""file"";s:49:""A4A5DAC4-25E8-4FBC-AA84-4741F990D8BE-169x300.jpeg"";s:5:""width"";i:169;s:6:""height"";i:300;s:9:""mime-type"";s:10:""image/jpeg"";s:8:""filesize"";i:15103;}s:5:""large"";a:5:{s:4:""file"";s:50:""A4A5DAC4-25E8-4FBC-AA84-4741F990D8BE-576x1024.jpeg"";s:5:""width"";i:576;s:6:""height"";i:1024;s:9:""mime-type"";s:10:""image/jpeg"";s:8:""filesize"";i:81557;}s:9:""thumbnail"";a:5:{s:4:""file"";s:49:""A4A5DAC4-25E8-4FBC-AA84-4741F990D8BE-150x150.jpeg"";s:5:""width"";i:150;s:6:""height"";i:150;s:9:""mime-type"";s:10:""image/jpeg"";s:8:""filesize"";i:8682;}}s:10:""image_meta"";a:12:{s:8:""aperture"";s:3:""2.2"";s:6:""credit"";s:0:"""";s:6:""camera"";s:26:""iPhone SE (2nd generation)"";s:7:""caption"";s:44:""{""eId"":""298563304756442"",""CameraPosition"":2}"";s:17:""created_timestamp"";s:10:""1620815899"";s:9:""copyright"";s:0:"""";s:12:""focal_length"";s:4:""2.87"";s:3:""iso"";s:3:""500"";s:13:""shutter_speed"";s:16:""0.03030303030303"";s:5:""title"";s:44:""{""eId"":""298563304756442"",""CameraPosition"":2}"";s:11:""orientation"";s:1:""1"";s:8:""keywords"";a:0:{}}}"
"2681","643","applicants","a:2:{i:0;i:500;i:1;i:585;}"
"2682","640","_wp_trash_meta_status","publish"
"2683","640","_wp_trash_meta_time","1768989806"
"2684","640","_wp_desired_post_slug","helyettesitesi-igeny-feldolgozas-alatt-39"
"2685","631","_wp_trash_meta_status","publish"
"2686","631","_wp_trash_meta_time","1768989814"
"2687","631","_wp_desired_post_slug","helyettesitesi-igeny-feldolgozas-alatt-25"
"2688","641","_wp_trash_meta_status","publish"
"2689","641","_wp_trash_meta_time","1768989823"
"2690","641","_wp_desired_post_slug","helyettesitesi-igeny-feldolgozas-alatt-40"
"2691","671","substitution_date","2026-06-22"
"2692","671","substitution_role","Gyógyszerész"
"2693","671","substitution_requirements","QB programmal dolgozunk"
"2694","671","_request_author_id","294"
"2695","672","substitution_date","2026-06-23"
"2696","672","substitution_role","Gyógyszerész"
"2697","672","substitution_requirements","QB programmal dolgozunk"
"2698","672","_request_author_id","294"
"2699","673","substitution_date","2026-08-17"
"2700","673","substitution_role","Gyógyszerész"
"2701","673","substitution_requirements","QB programmal dolgozunk"
"2702","673","_request_author_id","294"
"2703","674","substitution_date","2026-08-18"
"2704","674","substitution_role","Gyógyszerész"
"2705","674","substitution_requirements","QB programmal dolgozunk"
"2706","674","_request_author_id","294"
"2707","675","substitution_date","2026-10-19"
"2708","675","substitution_role","Gyógyszerész"
"2709","675","substitution_requirements","QB programmal dolgozunk"
"2710","675","_request_author_id","294"
"2711","676","substitution_date","2026-10-20"
"2712","676","substitution_role","Gyógyszerész"
"2713","676","substitution_requirements","QB programmal dolgozunk"
"2714","676","_request_author_id","294"
"2715","642","_wp_trash_meta_status","publish"
"2716","642","_wp_trash_meta_time","1769088042"
"2717","642","_wp_desired_post_slug","helyettesitesi-igeny-feldolgozas-alatt-41"
"2718","677","substitution_date","2026-02-07"
"2719","677","substitution_role","Gyógyszerész"
"2720","677","substitution_requirements","Ügyeleti idősávba keresek helyettes gyógyszerészt február 7. 20:00-február 8. 08:00-ig a sárvári BENU gyógyszertárba."
"2721","677","_request_author_id","599"
"2722","678","substitution_date","2026-06-22"
"2723","678","substitution_role","Gyógyszerész"
"2724","678","substitution_requirements","Novodata ismerettel, 7.30-18.30 közti munkavégzésre keresünk kisforgalmú patikánkba"
"2725","678","_request_author_id","602"
"2726","679","substitution_date","2026-06-23"
"2727","679","substitution_role","Gyógyszerész"
"2728","679","substitution_requirements","Novodatával dolgozunk. 7.30-18.30 közt."
"2729","679","_request_author_id","602"
"2730","680","substitution_date","2026-08-17"
"2731","680","substitution_role","Gyógyszerész"
"2732","680","substitution_requirements","7.30-18.30 közti nyitvatartás. Novodata programismeret."
"2733","680","_request_author_id","602"
"2734","681","substitution_date","2026-08-18"
"2735","681","substitution_role","Gyógyszerész"
"2736","681","substitution_requirements","7.30-18.30 közti nyitvatartás. Novodata programismeret."
"2737","681","_request_author_id","602"
"2738","678","applicants","a:1:{i:0;i:338;}"
"2739","680","applicants","a:1:{i:0;i:338;}"
"2740","682","_wp_attached_file","2026/01/IMG_9518-scaled.jpeg"
"2741","682","_wp_attachment_metadata","a:7:{s:5:""width"";i:1975;s:6:""height"";i:2560;s:4:""file"";s:28:""2026/01/IMG_9518-scaled.jpeg"";s:8:""filesize"";i:473565;s:5:""sizes"";a:6:{s:6:""medium"";a:5:{s:4:""file"";s:21:""IMG_9518-231x300.jpeg"";s:5:""width"";i:231;s:6:""height"";i:300;s:9:""mime-type"";s:10:""image/jpeg"";s:8:""filesize"";i:19517;}s:5:""large"";a:5:{s:4:""file"";s:22:""IMG_9518-790x1024.jpeg"";s:5:""width"";i:790;s:6:""height"";i:1024;s:9:""mime-type"";s:10:""image/jpeg"";s:8:""filesize"";i:87317;}s:9:""thumbnail"";a:5:{s:4:""file"";s:21:""IMG_9518-150x150.jpeg"";s:5:""width"";i:150;s:6:""height"";i:150;s:9:""mime-type"";s:10:""image/jpeg"";s:8:""filesize"";i:13701;}s:12:""medium_large"";a:5:{s:4:""file"";s:21:""IMG_9518-768x995.jpeg"";s:5:""width"";i:768;s:6:""height"";i:995;s:9:""mime-type"";s:10:""image/jpeg"";s:8:""filesize"";i:83380;}s:9:""1536x1536"";a:5:{s:4:""file"";s:23:""IMG_9518-1185x1536.jpeg"";s:5:""width"";i:1185;s:6:""height"";i:1536;s:9:""mime-type"";s:10:""image/jpeg"";s:8:""filesize"";i:180534;}s:9:""2048x2048"";a:5:{s:4:""file"";s:23:""IMG_9518-1580x2048.jpeg"";s:5:""width"";i:1580;s:6:""height"";i:2048;s:9:""mime-type"";s:10:""image/jpeg"";s:8:""filesize"";i:310535;}}s:10:""image_meta"";a:12:{s:8:""aperture"";s:3:""1.5"";s:6:""credit"";s:0:"""";s:6:""camera"";s:17:""iPhone 13 Pro Max"";s:7:""caption"";s:0:"""";s:17:""created_timestamp"";s:10:""1684780180"";s:9:""copyright"";s:0:"""";s:12:""focal_length"";s:3:""5.7"";s:3:""iso"";s:3:""400"";s:13:""shutter_speed"";s:17:""0.016666666666667"";s:5:""title"";s:0:"""";s:11:""orientation"";s:1:""1"";s:8:""keywords"";a:0:{}}s:14:""original_image"";s:13:""IMG_9518.jpeg"";}"
"2742","645","applicants","a:1:{i:0;i:274;}"
"2743","643","_wp_trash_meta_status","publish"
"2744","643","_wp_trash_meta_time","1769378071"
"2745","643","_wp_desired_post_slug","helyettesitesi-igeny-feldolgozas-alatt-42"
"2746","644","_wp_trash_meta_status","publish"
"2747","644","_wp_trash_meta_time","1769492918"
"2748","644","_wp_desired_post_slug","helyettesitesi-igeny-feldolgozas-alatt-43"
"2751","684","_wp_attached_file","2026/01/211daed9-e2c0-4819-86af-fb975639d830.jpeg"
"2752","684","_wp_attachment_metadata","a:6:{s:5:""width"";i:832;s:6:""height"";i:908;s:4:""file"";s:49:""2026/01/211daed9-e2c0-4819-86af-fb975639d830.jpeg"";s:8:""filesize"";i:204365;s:5:""sizes"";a:3:{s:6:""medium"";a:5:{s:4:""file"";s:49:""211daed9-e2c0-4819-86af-fb975639d830-275x300.jpeg"";s:5:""width"";i:275;s:6:""height"";i:300;s:9:""mime-type"";s:10:""image/jpeg"";s:8:""filesize"";i:18964;}s:9:""thumbnail"";a:5:{s:4:""file"";s:49:""211daed9-e2c0-4819-86af-fb975639d830-150x150.jpeg"";s:5:""width"";i:150;s:6:""height"";i:150;s:9:""mime-type"";s:10:""image/jpeg"";s:8:""filesize"";i:6914;}s:12:""medium_large"";a:5:{s:4:""file"";s:49:""211daed9-e2c0-4819-86af-fb975639d830-768x838.jpeg"";s:5:""width"";i:768;s:6:""height"";i:838;s:9:""mime-type"";s:10:""image/jpeg"";s:8:""filesize"";i:108514;}}s:10:""image_meta"";a:12:{s:8:""aperture"";s:1:""0"";s:6:""credit"";s:0:"""";s:6:""camera"";s:0:"""";s:7:""caption"";s:0:"""";s:17:""created_timestamp"";s:10:""1754649908"";s:9:""copyright"";s:0:"""";s:12:""focal_length"";s:1:""0"";s:3:""iso"";s:1:""0"";s:13:""shutter_speed"";s:1:""0"";s:5:""title"";s:0:"""";s:11:""orientation"";s:1:""0"";s:8:""keywords"";a:0:{}}}"
"2753","685","_wp_attached_file","2026/01/IMG_0302-scaled.jpeg"
"2754","685","_wp_attachment_metadata","a:7:{s:5:""width"";i:1920;s:6:""height"";i:2560;s:4:""file"";s:28:""2026/01/IMG_0302-scaled.jpeg"";s:8:""filesize"";i:694503;s:5:""sizes"";a:6:{s:6:""medium"";a:5:{s:4:""file"";s:21:""IMG_0302-225x300.jpeg"";s:5:""width"";i:225;s:6:""height"";i:300;s:9:""mime-type"";s:10:""image/jpeg"";s:8:""filesize"";i:28546;}s:5:""large"";a:5:{s:4:""file"";s:22:""IMG_0302-768x1024.jpeg"";s:5:""width"";i:768;s:6:""height"";i:1024;s:9:""mime-type"";s:10:""image/jpeg"";s:8:""filesize"";i:139156;}s:9:""thumbnail"";a:5:{s:4:""file"";s:21:""IMG_0302-150x150.jpeg"";s:5:""width"";i:150;s:6:""height"";i:150;s:9:""mime-type"";s:10:""image/jpeg"";s:8:""filesize"";i:20740;}s:12:""medium_large"";a:5:{s:4:""file"";s:22:""IMG_0302-768x1024.jpeg"";s:5:""width"";i:768;s:6:""height"";i:1024;s:9:""mime-type"";s:10:""image/jpeg"";s:8:""filesize"";i:139156;}s:9:""1536x1536"";a:5:{s:4:""file"";s:23:""IMG_0302-1152x1536.jpeg"";s:5:""width"";i:1152;s:6:""height"";i:1536;s:9:""mime-type"";s:10:""image/jpeg"";s:8:""filesize"";i:276312;}s:9:""2048x2048"";a:5:{s:4:""file"";s:23:""IMG_0302-1536x2048.jpeg"";s:5:""width"";i:1536;s:6:""height"";i:2048;s:9:""mime-type"";s:10:""image/jpeg"";s:8:""filesize"";i:463209;}}s:10:""image_meta"";a:12:{s:8:""aperture"";s:3:""1.9"";s:6:""credit"";s:0:"""";s:6:""camera"";s:13:""iPhone 17 Pro"";s:7:""caption"";s:0:"""";s:17:""created_timestamp"";s:10:""1764318118"";s:9:""copyright"";s:0:"""";s:12:""focal_length"";s:10:""2.71484375"";s:3:""iso"";s:3:""160"";s:13:""shutter_speed"";s:4:""0.02"";s:5:""title"";s:0:"""";s:11:""orientation"";s:1:""1"";s:8:""keywords"";a:0:{}}s:14:""original_image"";s:13:""IMG_0302.jpeg"";}"
"2755","632","_wp_trash_meta_status","publish"
"2756","632","_wp_trash_meta_time","1769587962"
"2757","632","_wp_desired_post_slug","helyettesitesi-igeny-feldolgozas-alatt-26"
"2758","686","substitution_date","2026-02-05"
"2759","686","substitution_role","Gyógyszerész"
"2760","686","substitution_requirements","Heves városban, 7:30-17:00 nyitvatartású gyógyszertárba keresek helyettes gyógyszerészt. Lx-Line programot használunk."
"2761","686","_request_author_id","620"
"2762","687","substitution_date","2026-02-26"
"2763","687","substitution_role","Gyógyszerész"
"2764","687","substitution_requirements","Heves városban, 7:30-17:00 nyitvatarású gyógyszertárba keresek helyettes gyógyszerészt. Lx-Line programot használunk."
"2765","687","_request_author_id","620"
"2766","688","substitution_date","2026-03-19"
"2767","688","substitution_role","Gyógyszerész"
"2768","688","substitution_requirements","Heves városban, 7:30-17:00 nyitvatarású gyógyszertárba keresek helyettes gyógyszerészt. Lx-Line programot használunk."
"2769","688","_request_author_id","620"
"2770","689","substitution_date","2026-03-26"
"2771","689","substitution_role","Gyógyszerész"
"2772","689","substitution_requirements","Heves városban, 7:30-17:00 nyitvatarású gyógyszertárba keresek helyettes gyógyszerészt. Lx-Line programot használunk."
"2773","689","_request_author_id","620"
"2774","686","applicants","a:1:{i:0;i:338;}"
"2775","691","sender_id","620"
"2776","691","recipient_id","338"
"2777","691","_request_id","686"
"2778","691","_is_read","1"
"2779","686","confirmed_applicant","338"
"2784","693","substitution_date","2026-07-29"
"2785","693","substitution_role","Szakasszisztens"
"2786","693","substitution_requirements","Helyettesítést keresünk következő időszakra :2026.07.27-2026.08.07-ig, összesen 10 munkanapra, napi 10 órával.
Kérem szépen árajánlatokat ?
Köszönettel:
Iris Patika"
"2787","693","_request_author_id","621"
"2788","645","_wp_trash_meta_status","publish"
"2789","645","_wp_trash_meta_time","1769691698"
"2790","645","_wp_desired_post_slug","helyettesitesi-igeny-feldolgozas-alatt-44"
"2791","694","substitution_date","2026-08-03"
"2792","694","substitution_role","Gyógyszerész"
"2793","694","substitution_requirements","Novodata program, 3 hétre, aug.3-21-ig, napi 5 óra, napi váltásban. Igény szerint szóba jöhet tömbösítve heti 2 nap 7:30-19:00-ig."
"2794","694","_request_author_id","287"
"2795","695","substitution_date","2026-08-03"
"2796","695","substitution_role","Gyógyszerész"
"2797","695","substitution_requirements","Novodata programmal dolgozunk. 3 hétre kell gyógyszerész, aug. 3-21-ig munkanapokra. Napi 5 óra váltásban. Igény szerint tömbösítve is lehet, heti 2 nap 7:30-19:00-ig. Zöldkereszt Gyógyszertár Dunaújváros +36-20-4558126"
"2798","695","_request_author_id","287"
"2799","696","_wp_attached_file","2026/01/IMG_0735-scaled.jpeg"
"2800","696","_wp_attachment_metadata","a:7:{s:5:""width"";i:1920;s:6:""height"";i:2560;s:4:""file"";s:28:""2026/01/IMG_0735-scaled.jpeg"";s:8:""filesize"";i:721007;s:5:""sizes"";a:6:{s:6:""medium"";a:5:{s:4:""file"";s:21:""IMG_0735-225x300.jpeg"";s:5:""width"";i:225;s:6:""height"";i:300;s:9:""mime-type"";s:10:""image/jpeg"";s:8:""filesize"";i:28796;}s:5:""large"";a:5:{s:4:""file"";s:22:""IMG_0735-768x1024.jpeg"";s:5:""width"";i:768;s:6:""height"";i:1024;s:9:""mime-type"";s:10:""image/jpeg"";s:8:""filesize"";i:132801;}s:9:""thumbnail"";a:5:{s:4:""file"";s:21:""IMG_0735-150x150.jpeg"";s:5:""width"";i:150;s:6:""height"";i:150;s:9:""mime-type"";s:10:""image/jpeg"";s:8:""filesize"";i:19207;}s:12:""medium_large"";a:5:{s:4:""file"";s:22:""IMG_0735-768x1024.jpeg"";s:5:""width"";i:768;s:6:""height"";i:1024;s:9:""mime-type"";s:10:""image/jpeg"";s:8:""filesize"";i:132801;}s:9:""1536x1536"";a:5:{s:4:""file"";s:23:""IMG_0735-1152x1536.jpeg"";s:5:""width"";i:1152;s:6:""height"";i:1536;s:9:""mime-type"";s:10:""image/jpeg"";s:8:""filesize"";i:271748;}s:9:""2048x2048"";a:5:{s:4:""file"";s:23:""IMG_0735-1536x2048.jpeg"";s:5:""width"";i:1536;s:6:""height"";i:2048;s:9:""mime-type"";s:10:""image/jpeg"";s:8:""filesize"";i:473901;}}s:10:""image_meta"";a:12:{s:8:""aperture"";s:3:""2.2"";s:6:""credit"";s:0:"""";s:6:""camera"";s:9:""iPhone 12"";s:7:""caption"";s:0:"""";s:17:""created_timestamp"";s:10:""1769446610"";s:9:""copyright"";s:0:"""";s:12:""focal_length"";s:4:""2.71"";s:3:""iso"";s:3:""800"";s:13:""shutter_speed"";s:17:""0.043478260869565"";s:5:""title"";s:0:"""";s:11:""orientation"";s:1:""1"";s:8:""keywords"";a:0:{}}s:14:""original_image"";s:13:""IMG_0735.jpeg"";}"
"2801","697","_wp_attached_file","2026/01/1000025509-scaled.jpg"
"2802","697","_wp_attachment_metadata","a:7:{s:5:""width"";i:1920;s:6:""height"";i:2560;s:4:""file"";s:29:""2026/01/1000025509-scaled.jpg"";s:8:""filesize"";i:956227;s:5:""sizes"";a:6:{s:6:""medium"";a:5:{s:4:""file"";s:22:""1000025509-225x300.jpg"";s:5:""width"";i:225;s:6:""height"";i:300;s:9:""mime-type"";s:10:""image/jpeg"";s:8:""filesize"";i:74822;}s:5:""large"";a:5:{s:4:""file"";s:23:""1000025509-768x1024.jpg"";s:5:""width"";i:768;s:6:""height"";i:1024;s:9:""mime-type"";s:10:""image/jpeg"";s:8:""filesize"";i:211329;}s:9:""thumbnail"";a:5:{s:4:""file"";s:22:""1000025509-150x150.jpg"";s:5:""width"";i:150;s:6:""height"";i:150;s:9:""mime-type"";s:10:""image/jpeg"";s:8:""filesize"";i:66206;}s:12:""medium_large"";a:5:{s:4:""file"";s:23:""1000025509-768x1024.jpg"";s:5:""width"";i:768;s:6:""height"";i:1024;s:9:""mime-type"";s:10:""image/jpeg"";s:8:""filesize"";i:211329;}s:9:""1536x1536"";a:5:{s:4:""file"";s:24:""1000025509-1152x1536.jpg"";s:5:""width"";i:1152;s:6:""height"";i:1536;s:9:""mime-type"";s:10:""image/jpeg"";s:8:""filesize"";i:401057;}s:9:""2048x2048"";a:5:{s:4:""file"";s:24:""1000025509-1536x2048.jpg"";s:5:""width"";i:1536;s:6:""height"";i:2048;s:9:""mime-type"";s:10:""image/jpeg"";s:8:""filesize"";i:653886;}}s:10:""image_meta"";a:12:{s:8:""aperture"";s:3:""2.4"";s:6:""credit"";s:0:"""";s:6:""camera"";s:8:""SM-F721B"";s:7:""caption"";s:0:"""";s:17:""created_timestamp"";s:10:""1768463528"";s:9:""copyright"";s:0:"""";s:12:""focal_length"";s:4:""3.17"";s:3:""iso"";s:3:""500"";s:13:""shutter_speed"";s:11:""0.029994234"";s:5:""title"";s:0:"""";s:11:""orientation"";i:1;s:8:""keywords"";a:0:{}}s:14:""original_image"";s:14:""1000025509.jpg"";}"
"2803","698","_wp_attached_file","2026/01/profilk.jpg"
"2804","698","_wp_attachment_metadata","a:6:{s:5:""width"";i:949;s:6:""height"";i:960;s:4:""file"";s:19:""2026/01/profilk.jpg"";s:8:""filesize"";i:97056;s:5:""sizes"";a:3:{s:6:""medium"";a:5:{s:4:""file"";s:19:""profilk-297x300.jpg"";s:5:""width"";i:297;s:6:""height"";i:300;s:9:""mime-type"";s:10:""image/jpeg"";s:8:""filesize"";i:16790;}s:9:""thumbnail"";a:5:{s:4:""file"";s:19:""profilk-150x150.jpg"";s:5:""width"";i:150;s:6:""height"";i:150;s:9:""mime-type"";s:10:""image/jpeg"";s:8:""filesize"";i:6358;}s:12:""medium_large"";a:5:{s:4:""file"";s:19:""profilk-768x777.jpg"";s:5:""width"";i:768;s:6:""height"";i:777;s:9:""mime-type"";s:10:""image/jpeg"";s:8:""filesize"";i:73329;}}s:10:""image_meta"";a:12:{s:8:""aperture"";s:1:""0"";s:6:""credit"";s:0:"""";s:6:""camera"";s:0:"""";s:7:""caption"";s:0:"""";s:17:""created_timestamp"";s:1:""0"";s:9:""copyright"";s:0:"""";s:12:""focal_length"";s:1:""0"";s:3:""iso"";s:1:""0"";s:13:""shutter_speed"";s:1:""0"";s:5:""title"";s:0:"""";s:11:""orientation"";s:1:""0"";s:8:""keywords"";a:0:{}}}"
"2805","700","_wp_attached_file","2026/01/IMG_3023-scaled.jpeg"
"2806","700","_wp_attachment_metadata","a:7:{s:5:""width"";i:1920;s:6:""height"";i:2560;s:4:""file"";s:28:""2026/01/IMG_3023-scaled.jpeg"";s:8:""filesize"";i:389485;s:5:""sizes"";a:6:{s:6:""medium"";a:5:{s:4:""file"";s:21:""IMG_3023-225x300.jpeg"";s:5:""width"";i:225;s:6:""height"";i:300;s:9:""mime-type"";s:10:""image/jpeg"";s:8:""filesize"";i:22402;}s:5:""large"";a:5:{s:4:""file"";s:22:""IMG_3023-768x1024.jpeg"";s:5:""width"";i:768;s:6:""height"";i:1024;s:9:""mime-type"";s:10:""image/jpeg"";s:8:""filesize"";i:94493;}s:9:""thumbnail"";a:5:{s:4:""file"";s:21:""IMG_3023-150x150.jpeg"";s:5:""width"";i:150;s:6:""height"";i:150;s:9:""mime-type"";s:10:""image/jpeg"";s:8:""filesize"";i:15138;}s:12:""medium_large"";a:5:{s:4:""file"";s:22:""IMG_3023-768x1024.jpeg"";s:5:""width"";i:768;s:6:""height"";i:1024;s:9:""mime-type"";s:10:""image/jpeg"";s:8:""filesize"";i:94493;}s:9:""1536x1536"";a:5:{s:4:""file"";s:23:""IMG_3023-1152x1536.jpeg"";s:5:""width"";i:1152;s:6:""height"";i:1536;s:9:""mime-type"";s:10:""image/jpeg"";s:8:""filesize"";i:172711;}s:9:""2048x2048"";a:5:{s:4:""file"";s:23:""IMG_3023-1536x2048.jpeg"";s:5:""width"";i:1536;s:6:""height"";i:2048;s:9:""mime-type"";s:10:""image/jpeg"";s:8:""filesize"";i:270814;}}s:10:""image_meta"";a:12:{s:8:""aperture"";s:3:""2.2"";s:6:""credit"";s:0:"""";s:6:""camera"";s:9:""iPhone 11"";s:7:""caption"";s:0:"""";s:17:""created_timestamp"";s:10:""1628681289"";s:9:""copyright"";s:0:"""";s:12:""focal_length"";s:4:""2.71"";s:3:""iso"";s:2:""25"";s:13:""shutter_speed"";s:18:""0.0054644808743169"";s:5:""title"";s:0:"""";s:11:""orientation"";s:1:""1"";s:8:""keywords"";a:0:{}}s:14:""original_image"";s:13:""IMG_3023.jpeg"";}"
"2807","654","_wp_trash_meta_status","publish"
"2808","654","_wp_trash_meta_time","1770019440"
"2809","654","_wp_desired_post_slug","helyettesitesi-igeny-feldolgozas-alatt-7"
